campagne_id,client_id,nom_campagne,canal,objectif_campagne,date_debut,date_fin,budget_alloue_fcfa,budget_depense_fcfa,pays_cible,audience_id,creatif_principal_id,statut,campagne_sous_performe
CAM00001,CLI001,Trafic_FA_Feb23,Facebook,Trafic,2023-02-06,2023-03-02,80177,73079,Burkina Faso,AUD022,CRE001,Terminée,1
CAM00002,CLI001,Conversion_GO_Dec23,Google,Conversion,2023-12-15,2024-01-21,69722,59765,Ghana,AUD050,CRE002,Terminée,1
CAM00003,CLI001,Conversion_FA_May23,Facebook,Conversion,2023-05-03,2023-06-04,90148,66533,Cameroun,AUD025,CRE003,Terminée,1
CAM00004,CLI001,Notoriété_FA_Mar24,Facebook,Notoriété,2024-03-27,2024-04-17,52351,50722,Côte d'Ivoire,AUD002,CRE004,Terminée,1
CAM00005,CLI001,Trafic_FA_Mar23,Facebook,Trafic,2023-03-27,2023-05-08,165535,124620,Ghana,AUD028,CRE005,Terminée,1
CAM00006,CLI001,Retargeting_SM_Oct23,SMS,Retargeting,2023-10-23,2023-11-14,204309,154704,Burkina Faso,AUD073,CRE006,Terminée,0
CAM00007,CLI001,Trafic_EM_Jan24,Email,Trafic,2024-01-23,2024-02-12,65954,61560,Ghana,AUD064,CRE007,Terminée,0
CAM00008,CLI001,Notoriété_FA_Oct22,Facebook,Notoriété,2022-10-19,2022-11-19,115462,102425,Mali,AUD026,CRE008,Terminée,1
CAM00009,CLI001,Leads_EM_Oct23,Email,Leads,2023-10-14,2023-11-20,201077,158629,Mali,AUD061,CRE009,Terminée,0
CAM00010,CLI001,Trafic_FA_Nov23,Facebook,Trafic,2023-11-25,2023-12-17,94886,80404,Sénégal,AUD024,CRE010,Terminée,1
CAM00011,CLI002,Conversion_FA_Jan24,Facebook,Conversion,2024-01-26,2024-03-02,201391,191906,Ghana,AUD029,CRE011,Terminée,0
CAM00012,CLI002,Conversion_GO_Jan24,Google,Conversion,2024-01-09,2024-01-20,190614,142907,Ghana,AUD050,CRE012,Terminée,1
CAM00013,CLI002,Retargeting_FA_Jan23,Facebook,Retargeting,2023-01-29,2023-03-08,168183,132865,Mali,AUD030,CRE013,Terminée,1
CAM00014,CLI002,Leads_FA_Oct22,Facebook,Leads,2022-10-22,2022-11-10,46425,33732,Sénégal,AUD019,CRE014,Terminée,1
CAM00015,CLI002,Trafic_FA_Mar23,Facebook,Trafic,2023-03-19,2023-04-18,77726,61042,Ghana,AUD020,CRE015,Terminée,1
CAM00016,CLI002,Trafic_EM_Nov22,Email,Trafic,2022-11-16,2022-11-29,89669,80813,Sénégal,AUD058,CRE016,Terminée,0
CAM00017,CLI002,Retargeting_EM_Aug23,Email,Retargeting,2023-08-21,2023-09-17,200680,160953,Sénégal,AUD058,CRE017,Terminée,0
CAM00018,CLI002,Retargeting_SM_Jan24,SMS,Retargeting,2024-01-01,2024-01-27,121427,98092,Ghana,AUD072,CRE018,Terminée,0
CAM00019,CLI003,Conversion_GO_Dec22,Google,Conversion,2022-12-27,2023-01-27,155567,121637,Ghana,AUD050,CRE019,Terminée,1
CAM00020,CLI003,Leads_FA_Nov23,Facebook,Leads,2023-11-15,2023-12-30,217641,199784,Ghana,AUD030,CRE020,Terminée,0
CAM00021,CLI003,Leads_SM_Feb24,SMS,Leads,2024-02-09,2024-02-17,84549,66813,Côte d'Ivoire,AUD074,CRE021,Terminée,1
CAM00022,CLI003,Leads_GO_May23,Google,Leads,2023-05-06,2023-06-08,202179,153995,Ghana,AUD037,CRE022,Terminée,1
CAM00023,CLI003,Leads_GO_Apr23,Google,Leads,2023-04-29,2023-05-24,217347,191862,Cameroun,AUD031,CRE023,Terminée,0
CAM00024,CLI003,Conversion_FA_Dec23,Facebook,Conversion,2023-12-13,2024-01-08,196156,181899,Côte d'Ivoire,AUD029,CRE024,Terminée,1
CAM00025,CLI003,Notoriété_FA_Jun22,Facebook,Notoriété,2022-06-17,2022-07-17,94350,75462,Côte d'Ivoire,AUD027,CRE025,Terminée,1
CAM00026,CLI004,Retargeting_FA_Nov22,Facebook,Retargeting,2022-11-04,2022-12-13,394675,321609,Sénégal,AUD029,CRE026,Terminée,0
CAM00027,CLI004,Leads_FA_Mar24,Facebook,Leads,2024-03-13,2024-03-29,219492,166119,Burkina Faso,AUD024,CRE027,Terminée,0
CAM00028,CLI004,Notoriété_GO_Feb24,Google,Notoriété,2024-02-11,2024-02-26,558036,497194,Côte d'Ivoire,AUD033,CRE028,Terminée,0
CAM00029,CLI004,Conversion_FA_Jul23,Facebook,Conversion,2023-07-08,2023-08-19,539578,442582,Cameroun,AUD016,CRE029,Terminée,0
CAM00030,CLI004,Notoriété_FA_Nov23,Facebook,Notoriété,2023-11-30,2024-01-11,961945,827089,Côte d'Ivoire,AUD003,CRE030,Terminée,1
CAM00031,CLI004,Conversion_SM_Nov23,SMS,Conversion,2023-11-14,2023-12-02,1068770,975692,Burkina Faso,AUD078,CRE031,Terminée,1
CAM00032,CLI004,Trafic_SM_Feb23,SMS,Trafic,2023-02-14,2023-03-23,689361,511210,Burkina Faso,AUD077,CRE032,Terminée,0
CAM00033,CLI004,Notoriété_GO_Jun22,Google,Notoriété,2022-06-27,2022-07-31,439080,374553,Côte d'Ivoire,AUD035,CRE033,Terminée,1
CAM00034,CLI004,Notoriété_GO_Jul23,Google,Notoriété,2023-07-20,2023-08-12,988297,912843,Ghana,AUD036,CRE034,Terminée,1
CAM00035,CLI004,Leads_SM_Sep22,SMS,Leads,2022-09-03,2022-09-27,266443,308826,Cameroun,AUD072,CRE035,Terminée,0
CAM00036,CLI005,Retargeting_FA_Sep22,Facebook,Retargeting,2022-09-08,2022-10-06,187539,170323,Burkina Faso,AUD008,CRE036,Terminée,0
CAM00037,CLI005,Retargeting_EM_Mar23,Email,Retargeting,2023-03-19,2023-05-01,282532,208952,Sénégal,AUD059,CRE037,Terminée,0
CAM00038,CLI005,Leads_FA_May23,Facebook,Leads,2023-05-15,2023-06-11,145039,125186,Côte d'Ivoire,AUD001,CRE038,Terminée,1
CAM00039,CLI005,Leads_SM_Apr23,SMS,Leads,2023-04-19,2023-04-27,459468,406995,Côte d'Ivoire,AUD079,CRE039,Terminée,0
CAM00040,CLI005,Trafic_FA_Feb23,Facebook,Trafic,2023-02-06,2023-02-14,304100,245569,Sénégal,AUD030,CRE040,Terminée,0
CAM00041,CLI005,Conversion_EM_Oct22,Email,Conversion,2022-10-10,2022-11-06,411982,348120,Ghana,AUD059,CRE041,Terminée,0
CAM00042,CLI005,Notoriété_GO_Jun22,Google,Notoriété,2022-06-02,2022-07-07,235262,197832,Ghana,AUD039,CRE042,Terminée,0
CAM00043,CLI005,Trafic_EM_Nov22,Email,Trafic,2022-11-14,2022-11-22,430482,344001,Côte d'Ivoire,AUD065,CRE043,Terminée,0
CAM00044,CLI005,Leads_GO_Oct23,Google,Leads,2023-10-14,2023-11-22,212238,193510,Cameroun,AUD041,CRE044,Terminée,0
CAM00045,CLI006,Conversion_EM_Nov22,Email,Conversion,2022-11-09,2022-12-06,2260737,1991257,Côte d'Ivoire,AUD054,CRE045,Terminée,0
CAM00046,CLI006,Notoriété_EM_Jun22,Email,Notoriété,2022-06-04,2022-06-17,1459818,1333854,Burkina Faso,AUD061,CRE046,Terminée,0
CAM00047,CLI006,Retargeting_GO_Aug22,Google,Retargeting,2022-08-04,2022-09-08,2898480,2353067,Sénégal,AUD047,CRE047,Terminée,1
CAM00048,CLI006,Notoriété_GO_Jun23,Google,Notoriété,2023-06-11,2023-06-21,1588273,1469010,Cameroun,AUD036,CRE048,Terminée,0
CAM00049,CLI006,Conversion_FA_Jan24,Facebook,Conversion,2024-01-12,2024-02-07,1650849,1412293,Burkina Faso,AUD019,CRE049,Terminée,0
CAM00050,CLI006,Notoriété_EM_Apr23,Email,Notoriété,2023-04-19,2023-05-23,1422330,1117619,Côte d'Ivoire,AUD053,CRE050,Terminée,0
CAM00051,CLI006,Leads_GO_Jan24,Google,Leads,2024-01-16,2024-02-16,2791779,2730447,Mali,AUD050,CRE051,Terminée,0
CAM00052,CLI006,Notoriété_SM_Mar23,SMS,Notoriété,2023-03-08,2023-04-01,2183833,1640495,Côte d'Ivoire,AUD071,CRE052,Terminée,0
CAM00053,CLI006,Trafic_FA_Mar23,Facebook,Trafic,2023-03-10,2023-04-08,2765006,2141057,Ghana,AUD004,CRE053,Terminée,0
CAM00054,CLI006,Trafic_EM_May23,Email,Trafic,2023-05-27,2023-06-23,1880330,1777693,Burkina Faso,AUD062,CRE054,Terminée,0
CAM00055,CLI006,Notoriété_EM_Dec23,Email,Notoriété,2023-12-10,2024-01-08,1095824,932614,Ghana,AUD055,CRE055,Terminée,0
CAM00056,CLI007,Leads_GO_Feb24,Google,Leads,2024-02-25,2024-03-19,754482,677379,Burkina Faso,AUD032,CRE056,Terminée,0
CAM00057,CLI007,Trafic_EM_May24,Email,Trafic,2024-05-06,2024-05-21,1125037,1092116,Ghana,AUD056,CRE057,Terminée,0
CAM00058,CLI007,Conversion_GO_Apr23,Google,Conversion,2023-04-08,2023-05-04,787691,655248,Côte d'Ivoire,AUD049,CRE058,Terminée,0
CAM00059,CLI007,Retargeting_SM_Feb23,SMS,Retargeting,2023-02-06,2023-02-16,847602,768519,Sénégal,AUD068,CRE059,Terminée,0
CAM00060,CLI007,Leads_FA_May23,Facebook,Leads,2023-05-09,2023-06-02,1232882,904915,Sénégal,AUD030,CRE060,Terminée,0
CAM00061,CLI007,Conversion_SM_Sep23,SMS,Conversion,2023-09-27,2023-11-04,1186842,930545,Côte d'Ivoire,AUD079,CRE061,Terminée,0
CAM00062,CLI007,Retargeting_SM_Jun22,SMS,Retargeting,2022-06-09,2022-07-16,468892,370864,Mali,AUD066,CRE062,Terminée,0
CAM00063,CLI007,Trafic_GO_Oct22,Google,Trafic,2022-10-08,2022-11-02,2033378,1681313,Côte d'Ivoire,AUD035,CRE063,Terminée,0
CAM00064,CLI007,Retargeting_EM_Dec23,Email,Retargeting,2023-12-26,2024-01-05,919163,1101280,Mali,AUD063,CRE064,Terminée,0
CAM00065,CLI007,Notoriété_SM_Dec22,SMS,Notoriété,2022-12-15,2023-01-02,1804419,1698692,Côte d'Ivoire,AUD075,CRE065,Terminée,0
CAM00066,CLI007,Retargeting_EM_Mar23,Email,Retargeting,2023-03-02,2023-03-27,1754070,1368141,Côte d'Ivoire,AUD060,CRE066,Terminée,0
CAM00067,CLI007,Retargeting_GO_Jan24,Google,Retargeting,2024-01-13,2024-01-20,1167634,868920,Sénégal,AUD044,CRE067,Terminée,0
CAM00068,CLI008,Notoriété_FA_Jun22,Facebook,Notoriété,2022-06-26,2022-07-17,2185566,1724961,Côte d'Ivoire,AUD025,CRE068,Terminée,1
CAM00069,CLI008,Trafic_SM_Nov23,SMS,Trafic,2023-11-03,2023-11-15,1772158,1301061,Sénégal,AUD066,CRE069,Terminée,0
CAM00070,CLI008,Leads_FA_Feb24,Facebook,Leads,2024-02-12,2024-03-22,1882534,1829243,Ghana,AUD026,CRE070,Terminée,1
CAM00071,CLI008,Leads_FA_Feb24,Facebook,Leads,2024-02-03,2024-03-08,821713,629550,Côte d'Ivoire,AUD028,CRE071,Terminée,0
CAM00072,CLI008,Trafic_EM_Mar24,Email,Trafic,2024-03-21,2024-04-10,568412,434533,Côte d'Ivoire,AUD051,CRE072,Terminée,0
CAM00073,CLI008,Leads_FA_Nov23,Facebook,Leads,2023-11-20,2023-12-13,2060674,1955412,Côte d'Ivoire,AUD003,CRE073,Terminée,0
CAM00074,CLI008,Notoriété_GO_Apr23,Google,Notoriété,2023-04-01,2023-04-17,782805,760969,Ghana,AUD036,CRE074,Terminée,0
CAM00075,CLI008,Notoriété_EM_Jun22,Email,Notoriété,2022-06-29,2022-07-19,1971985,1647328,Sénégal,AUD060,CRE075,Terminée,0
CAM00076,CLI008,Notoriété_GO_Sep22,Google,Notoriété,2022-09-03,2022-09-24,1473230,1080639,Cameroun,AUD050,CRE076,Terminée,1
CAM00077,CLI008,Leads_SM_Aug23,SMS,Leads,2023-08-20,2023-08-30,464225,345924,Ghana,AUD071,CRE077,Terminée,0
CAM00078,CLI008,Notoriété_GO_Aug22,Google,Notoriété,2022-08-08,2022-09-11,520373,466601,Burkina Faso,AUD050,CRE078,Terminée,0
CAM00079,CLI008,Conversion_FA_Apr23,Facebook,Conversion,2023-04-20,2023-05-01,2000756,1615547,Côte d'Ivoire,AUD008,CRE079,Terminée,0
CAM00080,CLI008,Retargeting_FA_Dec23,Facebook,Retargeting,2023-12-02,2024-01-05,1205110,978057,Côte d'Ivoire,AUD003,CRE080,Terminée,0
CAM00081,CLI009,Retargeting_GO_Dec23,Google,Retargeting,2023-12-08,2024-01-14,822339,669206,Côte d'Ivoire,AUD033,CRE081,Terminée,1
CAM00082,CLI009,Leads_EM_Apr23,Email,Leads,2023-04-30,2023-06-11,859805,827228,Burkina Faso,AUD053,CRE082,Terminée,0
CAM00083,CLI009,Retargeting_SM_Dec22,SMS,Retargeting,2022-12-17,2023-01-21,430096,380458,Cameroun,AUD071,CRE083,Terminée,0
CAM00084,CLI009,Conversion_SM_Aug22,SMS,Conversion,2022-08-05,2022-08-12,275574,259759,Sénégal,AUD074,CRE084,Terminée,1
CAM00085,CLI009,Conversion_GO_Aug23,Google,Conversion,2023-08-18,2023-09-07,308916,231555,Côte d'Ivoire,AUD040,CRE085,Terminée,0
CAM00086,CLI009,Conversion_EM_Nov23,Email,Conversion,2023-11-01,2023-11-10,922287,789550,Ghana,AUD065,CRE086,Terminée,0
CAM00087,CLI009,Leads_GO_Mar24,Google,Leads,2024-03-20,2024-04-21,599320,542787,Burkina Faso,AUD044,CRE087,Terminée,0
CAM00088,CLI009,Retargeting_GO_Apr23,Google,Retargeting,2023-04-30,2023-06-04,743327,637241,Côte d'Ivoire,AUD036,CRE088,Terminée,1
CAM00089,CLI009,Leads_SM_Nov22,SMS,Leads,2022-11-14,2022-12-09,739975,542590,Cameroun,AUD078,CRE089,Terminée,1
CAM00090,CLI009,Retargeting_FA_May23,Facebook,Retargeting,2023-05-09,2023-05-20,460521,412470,Ghana,AUD029,CRE090,Terminée,0
CAM00091,CLI010,Conversion_SM_Dec23,SMS,Conversion,2023-12-14,2024-01-27,5800844,5545305,Cameroun,AUD068,CRE091,Terminée,0
CAM00092,CLI010,Notoriété_GO_Apr24,Google,Notoriété,2024-04-26,2024-05-18,4096110,3741473,Sénégal,AUD035,CRE092,Active,1
CAM00093,CLI010,Leads_GO_Jun23,Google,Leads,2023-06-23,2023-08-07,8294549,6786747,Cameroun,AUD050,CRE093,Terminée,0
CAM00094,CLI010,Conversion_FA_Mar23,Facebook,Conversion,2023-03-19,2023-04-11,9091528,8780217,Sénégal,AUD025,CRE094,Terminée,0
CAM00095,CLI010,Notoriété_EM_Nov23,Email,Notoriété,2023-11-13,2023-11-22,2026014,1719829,Côte d'Ivoire,AUD065,CRE095,Terminée,0
CAM00096,CLI010,Notoriété_EM_Sep23,Email,Notoriété,2023-09-20,2023-10-14,4188882,3305276,Sénégal,AUD065,CRE096,Terminée,0
CAM00097,CLI010,Trafic_GO_Nov23,Google,Trafic,2023-11-05,2023-11-20,2477511,2374037,Côte d'Ivoire,AUD031,CRE097,Terminée,0
CAM00098,CLI010,Notoriété_FA_Sep22,Facebook,Notoriété,2022-09-05,2022-09-28,2845334,2703991,Cameroun,AUD024,CRE098,Terminée,0
CAM00099,CLI010,Trafic_SM_Nov22,SMS,Trafic,2022-11-06,2022-12-17,4851234,4206140,Côte d'Ivoire,AUD073,CRE099,Terminée,0
CAM00100,CLI010,Conversion_FA_Jul23,Facebook,Conversion,2023-07-03,2023-07-14,7878129,7297058,Sénégal,AUD023,CRE100,Terminée,0
CAM00101,CLI010,Leads_GO_Nov23,Google,Leads,2023-11-20,2023-11-30,2129986,1702745,Ghana,AUD040,CRE101,Terminée,0
CAM00102,CLI010,Notoriété_EM_Sep23,Email,Notoriété,2023-09-30,2023-10-31,4986182,4375419,Cameroun,AUD052,CRE102,Terminée,0
CAM00103,CLI010,Conversion_SM_Apr24,SMS,Conversion,2024-04-30,2024-05-15,5203610,4862792,Cameroun,AUD072,CRE103,Terminée,0
CAM00104,CLI010,Notoriété_GO_Aug22,Google,Notoriété,2022-08-06,2022-09-11,6166515,5383132,Côte d'Ivoire,AUD035,CRE104,Terminée,1
CAM00105,CLI010,Conversion_FA_May23,Facebook,Conversion,2023-05-22,2023-06-28,8347104,6762958,Ghana,AUD003,CRE105,Terminée,0
CAM00106,CLI010,Leads_EM_Nov22,Email,Leads,2022-11-19,2022-12-20,9119901,7718160,Burkina Faso,AUD055,CRE106,Terminée,0
CAM00107,CLI010,Retargeting_FA_Apr23,Facebook,Retargeting,2023-04-24,2023-05-23,4620937,3844575,Burkina Faso,AUD010,CRE107,Terminée,0
CAM00108,CLI010,Retargeting_FA_Jun22,Facebook,Retargeting,2022-06-21,2022-07-09,5827707,5286114,Burkina Faso,AUD016,CRE108,Terminée,1
CAM00109,CLI010,Conversion_EM_Apr23,Email,Conversion,2023-04-25,2023-06-04,8284355,7806264,Sénégal,AUD065,CRE109,Terminée,0
CAM00110,CLI010,Retargeting_SM_Jul22,SMS,Retargeting,2022-07-16,2022-07-27,9142711,7107271,Mali,AUD067,CRE110,Terminée,0
CAM00111,CLI010,Retargeting_GO_Apr23,Google,Retargeting,2023-04-17,2023-05-15,6885081,6602231,Cameroun,AUD046,CRE111,Terminée,0
CAM00112,CLI011,Conversion_SM_Dec22,SMS,Conversion,2022-12-04,2022-12-15,413431,350738,Cameroun,AUD077,CRE112,Terminée,0
CAM00113,CLI011,Conversion_EM_Jun22,Email,Conversion,2022-06-02,2022-06-25,1325793,1076727,Mali,AUD058,CRE113,Terminée,0
CAM00114,CLI011,Leads_SM_Jul23,SMS,Leads,2023-07-13,2023-08-03,496440,391815,Ghana,AUD080,CRE114,Terminée,0
CAM00115,CLI011,Trafic_FA_Oct23,Facebook,Trafic,2023-10-14,2023-11-07,1047133,959314,Burkina Faso,AUD021,CRE115,Terminée,0
CAM00116,CLI011,Notoriété_EM_Apr23,Email,Notoriété,2023-04-09,2023-05-14,820436,772303,Ghana,AUD060,CRE116,Terminée,0
CAM00117,CLI011,Notoriété_EM_Jul23,Email,Notoriété,2023-07-04,2023-07-21,1783241,1377624,Côte d'Ivoire,AUD064,CRE117,Terminée,0
CAM00118,CLI011,Conversion_EM_Dec22,Email,Conversion,2022-12-18,2023-01-23,428979,341991,Sénégal,AUD054,CRE118,Terminée,0
CAM00119,CLI011,Retargeting_GO_May23,Google,Retargeting,2023-05-23,2023-06-18,1081234,815496,Côte d'Ivoire,AUD038,CRE119,Terminée,1
CAM00120,CLI011,Leads_SM_Jan23,SMS,Leads,2023-01-16,2023-02-21,1274703,1238607,Mali,AUD067,CRE120,Terminée,0
CAM00121,CLI011,Trafic_EM_Oct22,Email,Trafic,2022-10-26,2022-11-08,2100659,1670612,Mali,AUD063,CRE121,Terminée,0
CAM00122,CLI011,Notoriété_SM_Oct23,SMS,Notoriété,2023-10-08,2023-11-16,940181,914130,Sénégal,AUD070,CRE122,Terminée,0
CAM00123,CLI011,Retargeting_FA_Nov22,Facebook,Retargeting,2022-11-29,2022-12-23,1036717,773439,Burkina Faso,AUD011,CRE123,Terminée,0
CAM00124,CLI011,Trafic_SM_Jun22,SMS,Trafic,2022-06-09,2022-07-18,572470,501916,Ghana,AUD078,CRE124,Terminée,0
CAM00125,CLI011,Trafic_FA_Nov23,Facebook,Trafic,2023-11-17,2024-01-01,2011115,1916138,Côte d'Ivoire,AUD015,CRE125,Terminée,0
CAM00126,CLI012,Conversion_FA_Jun22,Facebook,Conversion,2022-06-10,2022-07-06,7311539,6702097,Côte d'Ivoire,AUD009,CRE126,Terminée,0
CAM00127,CLI012,Trafic_FA_Apr23,Facebook,Trafic,2023-04-05,2023-04-22,10535749,8111575,Sénégal,AUD016,CRE127,Terminée,0
CAM00128,CLI012,Notoriété_FA_Aug22,Facebook,Notoriété,2022-08-16,2022-08-31,9779259,8674735,Burkina Faso,AUD008,CRE128,Terminée,0
CAM00129,CLI012,Retargeting_FA_Aug22,Facebook,Retargeting,2022-08-23,2022-09-17,4583416,4123454,Cameroun,AUD002,CRE129,Terminée,0
CAM00130,CLI012,Notoriété_SM_May24,SMS,Notoriété,2024-05-13,2024-05-25,4092536,2951876,Ghana,AUD068,CRE130,Active,0
CAM00131,CLI012,Retargeting_EM_Nov23,Email,Retargeting,2023-11-13,2023-12-28,8654692,6481684,Burkina Faso,AUD053,CRE131,Terminée,0
CAM00132,CLI012,Notoriété_SM_Jan24,SMS,Notoriété,2024-01-28,2024-02-18,4362843,3792791,Côte d'Ivoire,AUD070,CRE132,Terminée,1
CAM00133,CLI012,Retargeting_SM_May23,SMS,Retargeting,2023-05-11,2023-06-24,2649113,1953930,Côte d'Ivoire,AUD072,CRE133,Terminée,1
CAM00134,CLI012,Leads_EM_Feb24,Email,Leads,2024-02-21,2024-02-29,8599802,7179017,Côte d'Ivoire,AUD056,CRE134,Terminée,0
CAM00135,CLI012,Notoriété_SM_Apr24,SMS,Notoriété,2024-04-13,2024-05-24,3395532,3264696,Sénégal,AUD072,CRE135,Active,0
CAM00136,CLI012,Leads_FA_Jul23,Facebook,Leads,2023-07-03,2023-07-21,8269267,7242366,Mali,AUD026,CRE136,Terminée,1
CAM00137,CLI012,Retargeting_SM_Apr24,SMS,Retargeting,2024-04-12,2024-05-25,3704872,3254440,Sénégal,AUD072,CRE137,Terminée,0
CAM00138,CLI012,Retargeting_EM_Jun23,Email,Retargeting,2023-06-19,2023-07-14,3898090,3014163,Ghana,AUD053,CRE138,Terminée,0
CAM00139,CLI012,Conversion_EM_May23,Email,Conversion,2023-05-08,2023-05-23,2474199,1885874,Cameroun,AUD064,CRE139,Terminée,0
CAM00140,CLI012,Conversion_EM_Dec23,Email,Conversion,2023-12-06,2024-01-17,10446953,9691789,Ghana,AUD062,CRE140,Terminée,0
CAM00141,CLI012,Trafic_GO_Oct22,Google,Trafic,2022-10-01,2022-10-19,9514868,9050682,Côte d'Ivoire,AUD048,CRE141,Terminée,1
CAM00142,CLI012,Trafic_GO_Dec22,Google,Trafic,2022-12-09,2023-01-10,6701718,5172160,Côte d'Ivoire,AUD040,CRE142,Terminée,1
CAM00143,CLI012,Notoriété_EM_Dec22,Email,Notoriété,2022-12-22,2023-01-08,2352983,1919321,Burkina Faso,AUD057,CRE143,Terminée,0
CAM00144,CLI012,Leads_EM_May23,Email,Leads,2023-05-24,2023-06-11,10380024,8508474,Mali,AUD051,CRE144,Terminée,0
CAM00145,CLI012,Retargeting_GO_Sep23,Google,Retargeting,2023-09-12,2023-10-13,5603117,4478351,Côte d'Ivoire,AUD045,CRE145,Terminée,1
CAM00146,CLI012,Notoriété_GO_Dec22,Google,Notoriété,2022-12-06,2022-12-21,6171219,4523609,Ghana,AUD050,CRE146,Terminée,0
CAM00147,CLI012,Trafic_FA_Feb23,Facebook,Trafic,2023-02-18,2023-03-24,3087410,2551682,Cameroun,AUD019,CRE147,Terminée,1
CAM00148,CLI012,Retargeting_GO_Jul22,Google,Retargeting,2022-07-16,2022-08-24,7228220,6173173,Côte d'Ivoire,AUD037,CRE148,Terminée,1
CAM00149,CLI012,Trafic_SM_Feb24,SMS,Trafic,2024-02-04,2024-02-26,4997437,3710931,Cameroun,AUD079,CRE149,Terminée,1
CAM00150,CLI012,Trafic_GO_Feb24,Google,Trafic,2024-02-13,2024-03-24,8875620,6491347,Ghana,AUD032,CRE150,Terminée,0
CAM00151,CLI012,Conversion_GO_Sep22,Google,Conversion,2022-09-03,2022-10-16,8149072,6051734,Cameroun,AUD049,CRE151,Terminée,0
CAM00152,CLI013,Conversion_FA_Jul22,Facebook,Conversion,2022-07-02,2022-08-04,1464898,1267708,Côte d'Ivoire,AUD022,CRE152,Terminée,0
CAM00153,CLI013,Retargeting_EM_Aug23,Email,Retargeting,2023-08-20,2023-09-24,2988285,2475650,Burkina Faso,AUD062,CRE153,Terminée,0
CAM00154,CLI013,Retargeting_GO_Jul22,Google,Retargeting,2022-07-14,2022-08-15,960157,757699,Cameroun,AUD047,CRE154,Terminée,0
CAM00155,CLI013,Trafic_EM_Mar24,Email,Trafic,2024-03-07,2024-04-18,697809,515555,Cameroun,AUD052,CRE155,Terminée,0
CAM00156,CLI013,Conversion_GO_Oct23,Google,Conversion,2023-10-29,2023-11-06,3000661,2683392,Burkina Faso,AUD033,CRE156,Terminée,0
CAM00157,CLI013,Leads_EM_Sep23,Email,Leads,2023-09-30,2023-11-06,957364,791811,Côte d'Ivoire,AUD059,CRE157,Terminée,0
CAM00158,CLI013,Trafic_EM_Nov22,Email,Trafic,2022-11-02,2022-11-20,2459150,2305691,Mali,AUD065,CRE158,Terminée,0
CAM00159,CLI013,Leads_FA_Jul22,Facebook,Leads,2022-07-24,2022-08-13,2671322,2364296,Côte d'Ivoire,AUD029,CRE159,Terminée,0
CAM00160,CLI013,Leads_GO_Jan24,Google,Leads,2024-01-18,2024-02-29,1355795,1242448,Côte d'Ivoire,AUD041,CRE160,Terminée,0
CAM00161,CLI013,Trafic_FA_Jul23,Facebook,Trafic,2023-07-05,2023-08-09,2392249,2246482,Ghana,AUD026,CRE161,Terminée,0
CAM00162,CLI013,Conversion_FA_Aug22,Facebook,Conversion,2022-08-02,2022-08-09,3222050,2740791,Côte d'Ivoire,AUD005,CRE162,Terminée,0
CAM00163,CLI013,Leads_GO_Mar23,Google,Leads,2023-03-06,2023-03-18,1742546,1689507,Mali,AUD035,CRE163,Terminée,1
CAM00164,CLI013,Trafic_FA_Sep22,Facebook,Trafic,2022-09-01,2022-09-21,1691973,1621887,Côte d'Ivoire,AUD002,CRE164,Terminée,0
CAM00165,CLI013,Trafic_GO_Dec23,Google,Trafic,2023-12-06,2023-12-24,2970159,2348043,Côte d'Ivoire,AUD050,CRE165,Terminée,0
CAM00166,CLI014,Retargeting_FA_Dec23,Facebook,Retargeting,2023-12-17,2024-01-17,44804,41504,Sénégal,AUD006,CRE166,Terminée,1
CAM00167,CLI014,Retargeting_EM_Jan24,Email,Retargeting,2024-01-03,2024-01-24,101085,78315,Burkina Faso,AUD060,CRE167,Terminée,0
CAM00168,CLI014,Trafic_EM_Aug23,Email,Trafic,2023-08-24,2023-09-08,133843,114798,Sénégal,AUD055,CRE168,Terminée,0
CAM00169,CLI014,Retargeting_GO_Aug22,Google,Retargeting,2022-08-30,2022-09-29,92883,68583,Burkina Faso,AUD035,CRE169,Terminée,1
CAM00170,CLI014,Leads_FA_Apr23,Facebook,Leads,2023-04-23,2023-05-11,219541,190229,Côte d'Ivoire,AUD017,CRE170,Terminée,0
CAM00171,CLI014,Conversion_SM_Oct22,SMS,Conversion,2022-10-20,2022-12-01,155409,148226,Cameroun,AUD076,CRE171,Terminée,0
CAM00172,CLI014,Trafic_SM_Feb24,SMS,Trafic,2024-02-13,2024-03-12,160991,141136,Burkina Faso,AUD074,CRE172,Terminée,1
CAM00173,CLI014,Retargeting_SM_Aug23,SMS,Retargeting,2023-08-22,2023-09-09,93395,78818,Burkina Faso,AUD066,CRE173,Terminée,0
CAM00174,CLI014,Conversion_SM_Jun23,SMS,Conversion,2023-06-21,2023-07-26,189809,138585,Côte d'Ivoire,AUD077,CRE174,Terminée,1
CAM00175,CLI014,Leads_GO_Nov23,Google,Leads,2023-11-06,2023-12-02,165848,122905,Ghana,AUD034,CRE175,Terminée,0
CAM00176,CLI015,Trafic_EM_Dec22,Email,Trafic,2022-12-07,2022-12-19,9697871,7067569,Burkina Faso,AUD053,CRE176,Terminée,0
CAM00177,CLI015,Notoriété_FA_Nov23,Facebook,Notoriété,2023-11-19,2023-12-06,7151587,6930774,Burkina Faso,AUD002,CRE177,Terminée,1
CAM00178,CLI015,Trafic_FA_Aug22,Facebook,Trafic,2022-08-20,2022-09-09,4090593,3670373,Cameroun,AUD022,CRE178,Terminée,0
CAM00179,CLI015,Conversion_GO_Jun22,Google,Conversion,2022-06-26,2022-07-20,4591291,3979186,Mali,AUD047,CRE179,Terminée,0
CAM00180,CLI015,Conversion_FA_Dec22,Facebook,Conversion,2022-12-12,2023-01-03,8938463,8529425,Cameroun,AUD011,CRE180,Terminée,1
CAM00181,CLI015,Leads_SM_Aug23,SMS,Leads,2023-08-09,2023-09-01,3298033,2929166,Mali,AUD070,CRE181,Terminée,1
CAM00182,CLI015,Notoriété_SM_Dec23,SMS,Notoriété,2023-12-12,2023-12-31,9149124,7251491,Burkina Faso,AUD071,CRE182,Terminée,1
CAM00183,CLI015,Leads_EM_Sep22,Email,Leads,2022-09-20,2022-10-19,6325674,6039974,Mali,AUD061,CRE183,Terminée,0
CAM00184,CLI015,Conversion_SM_Oct23,SMS,Conversion,2023-10-15,2023-11-15,5011995,4478794,Côte d'Ivoire,AUD075,CRE184,Terminée,0
CAM00185,CLI015,Trafic_GO_Aug22,Google,Trafic,2022-08-24,2022-09-25,4393238,3640581,Ghana,AUD043,CRE185,Terminée,0
CAM00186,CLI015,Conversion_GO_Feb23,Google,Conversion,2023-02-14,2023-03-22,6431067,5230695,Mali,AUD043,CRE186,Terminée,0
CAM00187,CLI015,Conversion_EM_Sep22,Email,Conversion,2022-09-16,2022-10-10,2372412,2062033,Côte d'Ivoire,AUD052,CRE187,Terminée,0
CAM00188,CLI015,Notoriété_EM_Feb23,Email,Notoriété,2023-02-10,2023-02-17,4401264,3666808,Sénégal,AUD062,CRE188,Terminée,0
CAM00189,CLI015,Leads_GO_Mar23,Google,Leads,2023-03-01,2023-04-15,2102033,1860381,Cameroun,AUD043,CRE189,Terminée,0
CAM00190,CLI015,Leads_SM_Sep23,SMS,Leads,2023-09-23,2023-10-28,10694945,8186970,Burkina Faso,AUD067,CRE190,Terminée,0
CAM00191,CLI015,Notoriété_GO_Mar23,Google,Notoriété,2023-03-23,2023-04-17,4997668,4365339,Sénégal,AUD036,CRE191,Terminée,0
CAM00192,CLI015,Conversion_GO_Jan24,Google,Conversion,2024-01-11,2024-02-24,3669754,2963634,Côte d'Ivoire,AUD046,CRE192,Terminée,1
CAM00193,CLI015,Notoriété_SM_Oct23,SMS,Notoriété,2023-10-13,2023-10-24,4220812,3567831,Burkina Faso,AUD075,CRE193,Terminée,0
CAM00194,CLI015,Conversion_SM_Jan23,SMS,Conversion,2023-01-13,2023-01-23,2684814,2316425,Burkina Faso,AUD072,CRE194,Terminée,0
CAM00195,CLI015,Leads_SM_Jul23,SMS,Leads,2023-07-31,2023-08-24,8930320,7073661,Ghana,AUD072,CRE195,Terminée,0
CAM00196,CLI015,Conversion_EM_Oct23,Email,Conversion,2023-10-01,2023-11-09,10373008,8098846,Côte d'Ivoire,AUD060,CRE196,Terminée,0
CAM00197,CLI015,Conversion_EM_Dec23,Email,Conversion,2023-12-18,2024-01-17,10177966,9607959,Burkina Faso,AUD054,CRE197,Terminée,0
CAM00198,CLI016,Conversion_GO_Aug22,Google,Conversion,2022-08-03,2022-08-12,2157889,1751551,Côte d'Ivoire,AUD045,CRE198,Terminée,0
CAM00199,CLI016,Retargeting_EM_Nov22,Email,Retargeting,2022-11-07,2022-11-25,2141656,2078003,Côte d'Ivoire,AUD065,CRE199,Terminée,0
CAM00200,CLI016,Leads_FA_Dec22,Facebook,Leads,2022-12-30,2023-01-28,1702817,1338550,Mali,AUD025,CRE200,Terminée,1
CAM00201,CLI016,Conversion_SM_Jun23,SMS,Conversion,2023-06-23,2023-07-05,4161913,3132602,Burkina Faso,AUD073,CRE201,Terminée,0
CAM00202,CLI016,Conversion_FA_Sep22,Facebook,Conversion,2022-09-04,2022-09-12,2309612,1850139,Cameroun,AUD026,CRE202,Terminée,0
CAM00203,CLI016,Retargeting_SM_Nov22,SMS,Retargeting,2022-11-06,2022-12-17,2083232,1945277,Burkina Faso,AUD073,CRE203,Terminée,1
CAM00204,CLI016,Conversion_SM_Aug22,SMS,Conversion,2022-08-17,2022-08-31,1801497,1488252,Mali,AUD075,CRE204,Terminée,1
CAM00205,CLI016,Leads_EM_Dec22,Email,Leads,2022-12-10,2022-12-17,2992831,2872338,Burkina Faso,AUD055,CRE205,Terminée,0
CAM00206,CLI016,Trafic_SM_Oct22,SMS,Trafic,2022-10-28,2022-11-08,2587253,2188460,Burkina Faso,AUD069,CRE206,Terminée,0
CAM00207,CLI016,Conversion_EM_Dec23,Email,Conversion,2023-12-05,2024-01-01,1966824,1500467,Mali,AUD059,CRE207,Terminée,0
CAM00208,CLI016,Leads_EM_Sep23,Email,Leads,2023-09-25,2023-10-19,2903600,2841226,Mali,AUD065,CRE208,Terminée,0
CAM00209,CLI016,Leads_GO_Apr24,Google,Leads,2024-04-27,2024-05-05,3000668,2633696,Ghana,AUD044,CRE209,Suspendue,1
CAM00210,CLI016,Notoriété_GO_Mar24,Google,Notoriété,2024-03-12,2024-03-25,2570232,2216345,Burkina Faso,AUD041,CRE210,Terminée,0
CAM00211,CLI016,Retargeting_EM_Jan23,Email,Retargeting,2023-01-01,2023-02-01,4052188,3348837,Sénégal,AUD059,CRE211,Terminée,0
CAM00212,CLI016,Trafic_GO_Sep23,Google,Trafic,2023-09-29,2023-10-10,3143083,2920276,Cameroun,AUD036,CRE212,Terminée,0
CAM00213,CLI016,Notoriété_SM_Sep23,SMS,Notoriété,2023-09-25,2023-10-17,1371405,1182191,Burkina Faso,AUD076,CRE213,Terminée,0
CAM00214,CLI016,Retargeting_EM_Nov22,Email,Retargeting,2022-11-07,2022-11-30,3978509,2985010,Côte d'Ivoire,AUD052,CRE214,Terminée,0
CAM00215,CLI016,Retargeting_FA_Apr24,Facebook,Retargeting,2024-04-16,2024-05-28,4086333,3793417,Burkina Faso,AUD001,CRE215,Suspendue,0
CAM00216,CLI016,Leads_SM_Jun22,SMS,Leads,2022-06-07,2022-06-21,3705854,3250437,Cameroun,AUD080,CRE216,Terminée,0
CAM00217,CLI016,Trafic_SM_Sep23,SMS,Trafic,2023-09-19,2023-10-29,4275780,3324501,Sénégal,AUD079,CRE217,Terminée,1
CAM00218,CLI016,Retargeting_GO_Jun22,Google,Retargeting,2022-06-27,2022-07-08,1115702,1049542,Côte d'Ivoire,AUD050,CRE218,Terminée,0
CAM00219,CLI016,Retargeting_FA_May23,Facebook,Retargeting,2023-05-28,2023-07-06,2605869,2062879,Côte d'Ivoire,AUD021,CRE219,Terminée,0
CAM00220,CLI016,Leads_GO_Feb24,Google,Leads,2024-02-03,2024-03-17,3787078,3658522,Burkina Faso,AUD038,CRE220,Terminée,1
CAM00221,CLI016,Leads_GO_Mar24,Google,Leads,2024-03-19,2024-04-26,1404697,1195003,Mali,AUD049,CRE221,Terminée,0
CAM00222,CLI016,Trafic_FA_Nov23,Facebook,Trafic,2023-11-23,2023-12-14,3708203,3109596,Burkina Faso,AUD017,CRE222,Terminée,1
CAM00223,CLI016,Notoriété_GO_Jul22,Google,Notoriété,2022-07-18,2022-07-29,3946898,3065859,Cameroun,AUD037,CRE223,Terminée,0
CAM00224,CLI016,Retargeting_EM_Nov23,Email,Retargeting,2023-11-20,2023-12-30,1519646,1128316,Mali,AUD055,CRE224,Terminée,0
CAM00225,CLI017,Notoriété_EM_Dec23,Email,Notoriété,2023-12-23,2024-01-22,4527206,3807970,Burkina Faso,AUD051,CRE225,Terminée,0
CAM00226,CLI017,Leads_SM_Feb23,SMS,Leads,2023-02-23,2023-04-01,3485204,2625235,Mali,AUD069,CRE226,Terminée,0
CAM00227,CLI017,Notoriété_FA_May23,Facebook,Notoriété,2023-05-16,2023-06-04,5774254,4945166,Sénégal,AUD022,CRE227,Terminée,0
CAM00228,CLI017,Leads_FA_Dec22,Facebook,Leads,2022-12-22,2023-01-24,10478944,7612178,Côte d'Ivoire,AUD012,CRE228,Terminée,0
CAM00229,CLI017,Leads_GO_Jul22,Google,Leads,2022-07-09,2022-07-31,2932930,2430908,Mali,AUD046,CRE229,Terminée,0
CAM00230,CLI017,Notoriété_FA_Jan24,Facebook,Notoriété,2024-01-16,2024-02-22,5553102,4464222,Côte d'Ivoire,AUD005,CRE230,Terminée,0
CAM00231,CLI017,Notoriété_EM_Mar23,Email,Notoriété,2023-03-03,2023-04-01,7834998,6396344,Burkina Faso,AUD058,CRE231,Terminée,0
CAM00232,CLI017,Leads_GO_May24,Google,Leads,2024-05-07,2024-05-21,7068287,6386804,Sénégal,AUD032,CRE232,Terminée,1
CAM00233,CLI017,Conversion_GO_Jul23,Google,Conversion,2023-07-08,2023-08-01,7188917,5263169,Ghana,AUD032,CRE233,Terminée,0
CAM00234,CLI017,Trafic_FA_Feb24,Facebook,Trafic,2024-02-17,2024-02-28,6238801,5353075,Burkina Faso,AUD005,CRE234,Terminée,0
CAM00235,CLI017,Conversion_EM_Aug23,Email,Conversion,2023-08-10,2023-09-06,6925587,5258575,Côte d'Ivoire,AUD060,CRE235,Terminée,0
CAM00236,CLI017,Trafic_EM_Apr24,Email,Trafic,2024-04-12,2024-04-24,3295728,2835638,Burkina Faso,AUD054,CRE236,Terminée,0
CAM00237,CLI017,Notoriété_GO_Jul22,Google,Notoriété,2022-07-18,2022-07-31,6981996,6484070,Cameroun,AUD035,CRE237,Terminée,0
CAM00238,CLI017,Retargeting_FA_Dec22,Facebook,Retargeting,2022-12-31,2023-01-17,10500566,8610006,Mali,AUD027,CRE238,Terminée,0
CAM00239,CLI017,Leads_FA_Oct22,Facebook,Leads,2022-10-07,2022-11-15,10441376,10222533,Cameroun,AUD004,CRE239,Terminée,1
CAM00240,CLI017,Leads_EM_Oct22,Email,Leads,2022-10-02,2022-10-31,9978811,8315393,Sénégal,AUD052,CRE240,Terminée,0
CAM00241,CLI017,Retargeting_EM_Jul23,Email,Retargeting,2023-07-23,2023-08-12,5364048,4643372,Burkina Faso,AUD065,CRE241,Terminée,0
CAM00242,CLI017,Retargeting_EM_Jun22,Email,Retargeting,2022-06-22,2022-07-28,2887953,2695330,Sénégal,AUD062,CRE242,Terminée,0
CAM00243,CLI017,Retargeting_FA_May23,Facebook,Retargeting,2023-05-25,2023-06-12,7153900,5558455,Cameroun,AUD014,CRE243,Terminée,1
CAM00244,CLI017,Notoriété_GO_Jul22,Google,Notoriété,2022-07-11,2022-07-25,5635056,4962637,Sénégal,AUD044,CRE244,Terminée,1
CAM00245,CLI017,Leads_FA_Apr23,Facebook,Leads,2023-04-30,2023-05-23,10177348,9239577,Sénégal,AUD016,CRE245,Terminée,0
CAM00246,CLI017,Retargeting_SM_Aug23,SMS,Retargeting,2023-08-03,2023-08-20,6912114,6292688,Côte d'Ivoire,AUD066,CRE246,Terminée,0
CAM00247,CLI017,Notoriété_GO_Feb24,Google,Notoriété,2024-02-14,2024-02-29,3846256,3286011,Sénégal,AUD036,CRE247,Terminée,0
CAM00248,CLI017,Notoriété_EM_Feb24,Email,Notoriété,2024-02-20,2024-03-03,8762249,8084496,Cameroun,AUD058,CRE248,Terminée,0
CAM00249,CLI017,Notoriété_GO_May23,Google,Notoriété,2023-05-05,2023-05-29,5708108,4438751,Cameroun,AUD043,CRE249,Terminée,0
CAM00250,CLI018,Leads_EM_May24,Email,Leads,2024-05-04,2024-05-22,4185163,3182897,Ghana,AUD061,CRE250,Suspendue,0
CAM00251,CLI018,Conversion_FA_Oct22,Facebook,Conversion,2022-10-03,2022-10-17,3376847,3216889,Burkina Faso,AUD028,CRE251,Terminée,0
CAM00252,CLI018,Conversion_GO_Jul22,Google,Conversion,2022-07-07,2022-07-25,3067108,2845032,Sénégal,AUD043,CRE252,Terminée,0
CAM00253,CLI018,Leads_SM_Feb23,SMS,Leads,2023-02-16,2023-03-16,3878187,3385804,Mali,AUD075,CRE253,Terminée,0
CAM00254,CLI018,Notoriété_FA_Apr24,Facebook,Notoriété,2024-04-16,2024-05-11,3570154,2590211,Burkina Faso,AUD005,CRE254,Active,0
CAM00255,CLI018,Leads_GO_Nov23,Google,Leads,2023-11-14,2023-12-14,1424130,1086127,Cameroun,AUD041,CRE255,Terminée,0
CAM00256,CLI018,Notoriété_SM_Oct23,SMS,Notoriété,2023-10-06,2023-11-13,2156864,1714282,Sénégal,AUD068,CRE256,Terminée,1
CAM00257,CLI018,Retargeting_FA_Nov23,Facebook,Retargeting,2023-11-29,2023-12-14,3115153,2347756,Sénégal,AUD023,CRE257,Terminée,0
CAM00258,CLI018,Conversion_FA_Aug22,Facebook,Conversion,2022-08-14,2022-09-07,1506571,1348897,Sénégal,AUD027,CRE258,Terminée,0
CAM00259,CLI018,Leads_GO_Oct23,Google,Leads,2023-10-26,2023-11-26,4376153,3201982,Côte d'Ivoire,AUD033,CRE259,Terminée,0
CAM00260,CLI018,Leads_GO_Mar23,Google,Leads,2023-03-29,2023-04-10,2916751,2254309,Côte d'Ivoire,AUD040,CRE260,Terminée,1
CAM00261,CLI018,Notoriété_FA_Jul22,Facebook,Notoriété,2022-07-17,2022-08-16,4198129,3696516,Cameroun,AUD007,CRE261,Terminée,0
CAM00262,CLI018,Trafic_SM_Feb24,SMS,Trafic,2024-02-03,2024-02-15,3221945,3083590,Cameroun,AUD070,CRE262,Terminée,0
CAM00263,CLI018,Notoriété_GO_May23,Google,Notoriété,2023-05-30,2023-06-26,2936841,2739031,Mali,AUD037,CRE263,Terminée,0
CAM00264,CLI018,Retargeting_GO_Jun22,Google,Retargeting,2022-06-30,2022-07-26,1928084,1869418,Ghana,AUD050,CRE264,Terminée,0
CAM00265,CLI018,Leads_EM_Jan23,Email,Leads,2023-01-28,2023-02-09,3163550,3053479,Côte d'Ivoire,AUD062,CRE265,Terminée,0
CAM00266,CLI018,Retargeting_EM_Sep22,Email,Retargeting,2022-09-30,2022-10-08,1290327,1244440,Burkina Faso,AUD063,CRE266,Terminée,0
CAM00267,CLI018,Conversion_FA_Dec23,Facebook,Conversion,2023-12-21,2024-02-03,3288679,3179857,Côte d'Ivoire,AUD022,CRE267,Terminée,1
CAM00268,CLI018,Conversion_FA_Aug23,Facebook,Conversion,2023-08-10,2023-09-21,1339600,1241045,Mali,AUD026,CRE268,Terminée,1
CAM00269,CLI018,Leads_EM_Aug22,Email,Leads,2022-08-14,2022-09-02,2456633,1999162,Ghana,AUD055,CRE269,Terminée,0
CAM00270,CLI018,Notoriété_EM_Jul22,Email,Notoriété,2022-07-01,2022-07-10,4222591,3918328,Mali,AUD064,CRE270,Terminée,0
CAM00271,CLI019,Notoriété_EM_Jul22,Email,Notoriété,2022-07-23,2022-08-30,821410,696943,Mali,AUD055,CRE271,Terminée,0
CAM00272,CLI019,Conversion_FA_Jan24,Facebook,Conversion,2024-01-31,2024-03-11,683167,625864,Cameroun,AUD014,CRE272,Terminée,0
CAM00273,CLI019,Notoriété_GO_Nov23,Google,Notoriété,2023-11-26,2023-12-25,1901823,1645156,Cameroun,AUD037,CRE273,Terminée,0
CAM00274,CLI019,Trafic_GO_Mar24,Google,Trafic,2024-03-11,2024-04-03,701852,510709,Ghana,AUD038,CRE274,Terminée,1
CAM00275,CLI019,Leads_SM_Oct23,SMS,Leads,2023-10-31,2023-11-12,1881730,1571988,Burkina Faso,AUD071,CRE275,Terminée,0
CAM00276,CLI019,Leads_FA_Mar24,Facebook,Leads,2024-03-22,2024-04-20,631609,575695,Mali,AUD027,CRE276,Terminée,0
CAM00277,CLI019,Trafic_EM_Apr23,Email,Trafic,2023-04-26,2023-06-09,1526810,1247591,Cameroun,AUD052,CRE277,Terminée,0
CAM00278,CLI019,Leads_SM_Feb24,SMS,Leads,2024-02-15,2024-03-10,848564,655486,Ghana,AUD066,CRE278,Terminée,0
CAM00279,CLI019,Trafic_GO_Jan24,Google,Trafic,2024-01-04,2024-01-28,542525,413872,Mali,AUD043,CRE279,Terminée,0
CAM00280,CLI019,Retargeting_GO_Jun23,Google,Retargeting,2023-06-08,2023-06-29,1845938,1401049,Sénégal,AUD047,CRE280,Terminée,1
CAM00281,CLI019,Leads_GO_Apr23,Google,Leads,2023-04-21,2023-05-19,514399,495266,Cameroun,AUD033,CRE281,Terminée,0
CAM00282,CLI019,Trafic_GO_Jan24,Google,Trafic,2024-01-01,2024-01-14,1046937,1023050,Cameroun,AUD048,CRE282,Terminée,0
CAM00283,CLI020,Leads_FA_Sep23,Facebook,Leads,2023-09-23,2023-10-06,2808727,2110276,Mali,AUD027,CRE283,Terminée,0
CAM00284,CLI020,Notoriété_FA_Feb24,Facebook,Notoriété,2024-02-17,2024-02-24,2290873,2022193,Ghana,AUD023,CRE284,Terminée,1
CAM00285,CLI020,Leads_GO_Sep22,Google,Leads,2022-09-20,2022-10-18,1412930,1026780,Côte d'Ivoire,AUD037,CRE285,Terminée,0
CAM00286,CLI020,Conversion_EM_Sep23,Email,Conversion,2023-09-14,2023-09-22,3288973,2424176,Côte d'Ivoire,AUD062,CRE286,Terminée,0
CAM00287,CLI020,Leads_EM_Oct23,Email,Leads,2023-10-02,2023-10-22,1068194,835853,Burkina Faso,AUD052,CRE287,Terminée,0
CAM00288,CLI020,Retargeting_FA_Oct22,Facebook,Retargeting,2022-10-25,2022-11-06,2428497,2158904,Burkina Faso,AUD004,CRE288,Terminée,1
CAM00289,CLI020,Retargeting_GO_Dec22,Google,Retargeting,2022-12-12,2023-01-01,2138628,1843704,Cameroun,AUD038,CRE289,Terminée,1
CAM00290,CLI020,Retargeting_EM_Apr24,Email,Retargeting,2024-04-24,2024-05-15,3203980,3123767,Sénégal,AUD055,CRE290,Active,0
CAM00291,CLI020,Trafic_GO_Mar24,Google,Trafic,2024-03-09,2024-03-22,3267987,2467039,Mali,AUD039,CRE291,Terminée,0
CAM00292,CLI020,Leads_SM_Jan24,SMS,Leads,2024-01-17,2024-02-22,1606703,1345099,Sénégal,AUD071,CRE292,Terminée,1
CAM00293,CLI020,Conversion_EM_Aug22,Email,Conversion,2022-08-30,2022-10-10,3172501,2534029,Ghana,AUD055,CRE293,Terminée,0
CAM00294,CLI020,Conversion_GO_Jan24,Google,Conversion,2024-01-25,2024-03-02,1142754,1004166,Côte d'Ivoire,AUD046,CRE294,Terminée,0
CAM00295,CLI020,Trafic_FA_Nov23,Facebook,Trafic,2023-11-04,2023-11-13,1479798,1089827,Sénégal,AUD022,CRE295,Terminée,0
CAM00296,CLI020,Trafic_SM_Jul22,SMS,Trafic,2022-07-07,2022-07-25,1001870,759320,Sénégal,AUD068,CRE296,Terminée,0
CAM00297,CLI021,Leads_FA_Apr24,Facebook,Leads,2024-04-12,2024-05-20,2063190,1807147,Cameroun,AUD015,CRE297,Suspendue,1
CAM00298,CLI021,Conversion_FA_Sep23,Facebook,Conversion,2023-09-23,2023-10-09,1769972,1524429,Côte d'Ivoire,AUD013,CRE298,Terminée,0
CAM00299,CLI021,Notoriété_FA_Mar23,Facebook,Notoriété,2023-03-09,2023-03-19,1179442,1098596,Ghana,AUD017,CRE299,Terminée,0
CAM00300,CLI021,Conversion_FA_Jul22,Facebook,Conversion,2022-07-13,2022-08-24,607025,526728,Mali,AUD005,CRE300,Terminée,1
CAM00301,CLI021,Leads_EM_Dec22,Email,Leads,2022-12-05,2022-12-20,910459,861031,Ghana,AUD056,CRE301,Terminée,0
CAM00302,CLI021,Trafic_GO_Feb23,Google,Trafic,2023-02-09,2023-03-26,1236588,1205444,Ghana,AUD042,CRE302,Terminée,0
CAM00303,CLI021,Leads_SM_Oct23,SMS,Leads,2023-10-30,2023-11-06,1972030,1924822,Côte d'Ivoire,AUD078,CRE303,Terminée,0
CAM00304,CLI021,Conversion_FA_May23,Facebook,Conversion,2023-05-30,2023-06-15,407092,336083,Cameroun,AUD010,CRE304,Terminée,0
CAM00305,CLI021,Leads_SM_Dec23,SMS,Leads,2023-12-31,2024-02-04,1741572,1661338,Sénégal,AUD071,CRE305,Terminée,1
CAM00306,CLI021,Trafic_EM_Apr24,Email,Trafic,2024-04-22,2024-05-05,1155724,964122,Mali,AUD052,CRE306,Terminée,0
CAM00307,CLI021,Conversion_GO_Mar23,Google,Conversion,2023-03-26,2023-04-22,1027478,745131,Ghana,AUD042,CRE307,Terminée,0
CAM00308,CLI021,Notoriété_SM_May23,SMS,Notoriété,2023-05-18,2023-06-03,1972571,1441926,Mali,AUD067,CRE308,Terminée,0
CAM00309,CLI021,Retargeting_SM_Jan23,SMS,Retargeting,2023-01-21,2023-02-01,494127,481233,Ghana,AUD077,CRE309,Terminée,1
CAM00310,CLI021,Trafic_EM_Oct23,Email,Trafic,2023-10-30,2023-12-10,457331,338455,Burkina Faso,AUD064,CRE310,Terminée,0
CAM00311,CLI021,Leads_FA_Dec23,Facebook,Leads,2023-12-18,2024-01-24,1299154,1093489,Ghana,AUD022,CRE311,Terminée,1
CAM00312,CLI022,Conversion_FA_Apr23,Facebook,Conversion,2023-04-24,2023-05-03,730066,565738,Cameroun,AUD008,CRE312,Terminée,0
CAM00313,CLI022,Trafic_SM_Jan23,SMS,Trafic,2023-01-30,2023-02-09,230214,194303,Burkina Faso,AUD073,CRE313,Terminée,0
CAM00314,CLI022,Conversion_EM_Mar23,Email,Conversion,2023-03-24,2023-04-13,1006011,858575,Mali,AUD052,CRE314,Terminée,0
CAM00315,CLI022,Notoriété_FA_Jan24,Facebook,Notoriété,2024-01-28,2024-02-07,863915,636075,Mali,AUD014,CRE315,Terminée,0
CAM00316,CLI022,Leads_FA_Jun22,Facebook,Leads,2022-06-07,2022-06-30,600134,500714,Cameroun,AUD006,CRE316,Terminée,1
CAM00317,CLI022,Conversion_GO_Feb23,Google,Conversion,2023-02-08,2023-03-20,555649,509722,Burkina Faso,AUD038,CRE317,Terminée,1
CAM00318,CLI022,Trafic_EM_Feb23,Email,Trafic,2023-02-25,2023-03-22,849241,678924,Côte d'Ivoire,AUD064,CRE318,Terminée,0
CAM00319,CLI022,Leads_FA_Jun23,Facebook,Leads,2023-06-21,2023-07-19,763758,679568,Burkina Faso,AUD015,CRE319,Terminée,1
CAM00320,CLI022,Trafic_FA_Aug22,Facebook,Trafic,2022-08-03,2022-08-12,1021099,751651,Sénégal,AUD021,CRE320,Terminée,0
CAM00321,CLI022,Retargeting_EM_Jul23,Email,Retargeting,2023-07-13,2023-08-11,274304,246000,Burkina Faso,AUD055,CRE321,Terminée,0
CAM00322,CLI022,Leads_GO_Feb23,Google,Leads,2023-02-07,2023-03-01,530981,491139,Ghana,AUD033,CRE322,Terminée,0
CAM00323,CLI022,Retargeting_FA_May24,Facebook,Retargeting,2024-05-15,2024-05-25,628560,537011,Cameroun,AUD019,CRE323,Active,1
CAM00324,CLI022,Notoriété_EM_Feb24,Email,Notoriété,2024-02-06,2024-03-04,484634,352886,Mali,AUD064,CRE324,Terminée,0
CAM00325,CLI022,Notoriété_GO_Oct23,Google,Notoriété,2023-10-07,2023-10-23,807033,658170,Côte d'Ivoire,AUD046,CRE325,Terminée,0
CAM00326,CLI023,Notoriété_GO_Jun23,Google,Notoriété,2023-06-04,2023-07-18,3271002,3004045,Ghana,AUD048,CRE326,Terminée,1
CAM00327,CLI023,Trafic_FA_Sep23,Facebook,Trafic,2023-09-29,2023-10-26,802997,691164,Côte d'Ivoire,AUD028,CRE327,Terminée,1
CAM00328,CLI023,Conversion_FA_Apr23,Facebook,Conversion,2023-04-05,2023-05-09,1497341,1166329,Ghana,AUD025,CRE328,Terminée,0
CAM00329,CLI023,Trafic_FA_Jan23,Facebook,Trafic,2023-01-29,2023-03-01,1019291,832398,Cameroun,AUD023,CRE329,Terminée,1
CAM00330,CLI023,Conversion_SM_Jul23,SMS,Conversion,2023-07-28,2023-08-20,2337203,2204062,Cameroun,AUD080,CRE330,Terminée,0
CAM00331,CLI023,Retargeting_GO_Sep23,Google,Retargeting,2023-09-28,2023-11-03,3180133,3011532,Sénégal,AUD049,CRE331,Terminée,0
CAM00332,CLI023,Retargeting_GO_Sep22,Google,Retargeting,2022-09-16,2022-09-26,2509182,1975045,Ghana,AUD032,CRE332,Terminée,0
CAM00333,CLI023,Leads_SM_Oct23,SMS,Leads,2023-10-15,2023-10-29,1882701,1523345,Burkina Faso,AUD075,CRE333,Terminée,0
CAM00334,CLI023,Conversion_SM_Mar23,SMS,Conversion,2023-03-24,2023-04-22,2140564,1843490,Côte d'Ivoire,AUD074,CRE334,Terminée,1
CAM00335,CLI023,Conversion_GO_Nov22,Google,Conversion,2022-11-16,2022-12-29,1474482,1722340,Ghana,AUD044,CRE335,Terminée,0
CAM00336,CLI023,Notoriété_GO_Jan23,Google,Notoriété,2023-01-06,2023-01-29,2264319,1803813,Ghana,AUD033,CRE336,Terminée,0
CAM00337,CLI023,Notoriété_EM_Dec23,Email,Notoriété,2023-12-28,2024-02-08,1258192,1119019,Burkina Faso,AUD057,CRE337,Terminée,0
CAM00338,CLI023,Leads_GO_Jun22,Google,Leads,2022-06-12,2022-07-08,2066841,1602171,Burkina Faso,AUD041,CRE338,Terminée,1
CAM00339,CLI023,Trafic_SM_Jun22,SMS,Trafic,2022-06-02,2022-06-28,1055832,880263,Sénégal,AUD075,CRE339,Terminée,0
CAM00340,CLI023,Leads_EM_Aug23,Email,Leads,2023-08-12,2023-08-21,1202797,899621,Burkina Faso,AUD064,CRE340,Terminée,0
CAM00341,CLI023,Leads_GO_Jul22,Google,Leads,2022-07-11,2022-08-18,1417202,1189010,Ghana,AUD038,CRE341,Terminée,1
CAM00342,CLI023,Leads_EM_Sep22,Email,Leads,2022-09-08,2022-10-01,2923678,2141631,Ghana,AUD061,CRE342,Terminée,0
CAM00343,CLI023,Notoriété_FA_Mar23,Facebook,Notoriété,2023-03-01,2023-04-04,1479705,1264266,Côte d'Ivoire,AUD007,CRE343,Terminée,1
CAM00344,CLI024,Notoriété_GO_Nov22,Google,Notoriété,2022-11-24,2023-01-08,66123,54231,Ghana,AUD041,CRE344,Terminée,1
CAM00345,CLI024,Leads_GO_Mar23,Google,Leads,2023-03-17,2023-03-25,29366,22124,Mali,AUD049,CRE345,Terminée,1
CAM00346,CLI025,Conversion_EM_Oct23,Email,Conversion,2023-10-20,2023-11-10,473303,439430,Sénégal,AUD059,CRE346,Terminée,0
CAM00347,CLI025,Conversion_GO_Jun22,Google,Conversion,2022-06-04,2022-07-01,197386,150082,Sénégal,AUD041,CRE347,Terminée,0
CAM00348,CLI025,Notoriété_GO_Apr23,Google,Notoriété,2023-04-30,2023-05-13,437301,387043,Burkina Faso,AUD038,CRE348,Terminée,0
CAM00349,CLI025,Leads_GO_Nov22,Google,Leads,2022-11-26,2023-01-08,280532,270169,Cameroun,AUD038,CRE349,Terminée,0
CAM00350,CLI025,Trafic_GO_Mar24,Google,Trafic,2024-03-10,2024-03-23,108167,103772,Cameroun,AUD048,CRE350,Terminée,0
CAM00351,CLI025,Conversion_GO_Apr23,Google,Conversion,2023-04-29,2023-06-02,349168,270409,Côte d'Ivoire,AUD031,CRE351,Terminée,0
CAM00352,CLI025,Leads_SM_Apr24,SMS,Leads,2024-04-18,2024-05-31,309622,290581,Sénégal,AUD080,CRE352,Terminée,1
CAM00353,CLI025,Leads_GO_Jun22,Google,Leads,2022-06-05,2022-07-19,506370,404541,Mali,AUD042,CRE353,Terminée,0
CAM00354,CLI025,Notoriété_SM_Jun23,SMS,Notoriété,2023-06-12,2023-07-14,308184,248121,Côte d'Ivoire,AUD080,CRE354,Terminée,1
