date,platform,content,likes,shares,comments
2022-02-18,Facebook,Flash sale : 48h de promotions exceptionnelles !,3271,233,109
2023-07-27,Instagram,Livraison gratuite sur toutes les commandes > 50 EUR.,3754,459,157
2022-10-05,TikTok,Paiement en 3 fois sans frais sur nos smartphones.,4218,250,200
2022-08-03,LinkedIn,Livraison gratuite sur toutes les commandes > 50 EUR.,4182,168,120
2022-11-07,Twitter,Paiement en 3 fois sans frais sur nos smartphones.,4461,122,232
2023-07-20,Twitter,Nouvelle collection disponible ! -20% ce weekend.,157,63,68
2023-02-28,Twitter,Livraison gratuite sur toutes les commandes > 50 EUR.,3632,453,133
2022-05-31,LinkedIn,Paiement en 3 fois sans frais sur nos smartphones.,131,395,72
2022-12-08,LinkedIn,"Commandez avant midi, livraison le lendemain !",762,182,204
2022-03-20,Instagram,"Commandez avant midi, livraison le lendemain !",4595,246,13
2022-09-05,Twitter,Flash sale : 48h de promotions exceptionnelles !,3134,313,115
2022-11-06,LinkedIn,Paiement en 3 fois sans frais sur nos smartphones.,1716,20,129
2022-02-09,TikTok,Livraison gratuite sur toutes les commandes > 50 EUR.,4777,285,32
2022-08-19,Instagram,"Commandez avant midi, livraison le lendemain !",1864,492,180
2022-06-29,Twitter,Rejoignez notre programme fidelite.,3417,355,242
2022-12-21,Facebook,Paiement en 3 fois sans frais sur nos smartphones.,4483,351,51
2023-03-17,TikTok,"Commandez avant midi, livraison le lendemain !",2704,42,199
2022-12-25,Facebook,Paiement en 3 fois sans frais sur nos smartphones.,82,472,198
2023-05-17,LinkedIn,Rejoignez notre programme fidelite.,3868,230,165
2022-11-19,LinkedIn,Rejoignez notre programme fidelite.,4596,494,276
2022-10-23,Instagram,Livraison gratuite sur toutes les commandes > 50 EUR.,681,145,219
2024-03-05,TikTok,Livraison gratuite sur toutes les commandes > 50 EUR.,390,87,40
2022-01-17,TikTok,Paiement en 3 fois sans frais sur nos smartphones.,2948,385,287
2024-01-29,TikTok,Paiement en 3 fois sans frais sur nos smartphones.,4553,354,107
2022-10-03,TikTok,Flash sale : 48h de promotions exceptionnelles !,4242,184,112
2022-08-05,Facebook,"Commandez avant midi, livraison le lendemain !",3618,312,261
2022-07-21,Instagram,Flash sale : 48h de promotions exceptionnelles !,1693,240,300
2022-02-23,LinkedIn,Nouvelle collection disponible ! -20% ce weekend.,4831,385,33
2023-06-09,Twitter,Livraison gratuite sur toutes les commandes > 50 EUR.,4779,354,30
2023-03-11,Twitter,Paiement en 3 fois sans frais sur nos smartphones.,1245,69,15
2022-08-17,Facebook,Nouvelle collection disponible ! -20% ce weekend.,2455,298,126
2022-12-21,Instagram,"Commandez avant midi, livraison le lendemain !",844,424,90
2023-10-06,Instagram,Flash sale : 48h de promotions exceptionnelles !,1376,165,294
2022-11-12,Twitter,Livraison gratuite sur toutes les commandes > 50 EUR.,2855,406,265
2022-07-02,LinkedIn,Livraison gratuite sur toutes les commandes > 50 EUR.,2786,441,87
2024-05-28,TikTok,"Commandez avant midi, livraison le lendemain !",3292,355,15
2022-06-27,Instagram,Livraison gratuite sur toutes les commandes > 50 EUR.,3033,283,266
2022-01-08,Instagram,"Commandez avant midi, livraison le lendemain !",4555,17,78
2022-11-09,LinkedIn,Nouvelle collection disponible ! -20% ce weekend.,3262,383,192
2022-03-07,Facebook,Rejoignez notre programme fidelite.,2855,102,193
2022-07-19,Facebook,Flash sale : 48h de promotions exceptionnelles !,1086,126,299
2024-01-01,Instagram,Nouvelle collection disponible ! -20% ce weekend.,2873,135,93
2022-07-08,Facebook,Nouvelle collection disponible ! -20% ce weekend.,1037,391,190
2024-01-17,Twitter,"Commandez avant midi, livraison le lendemain !",185,178,202
2023-07-06,Facebook,Flash sale : 48h de promotions exceptionnelles !,988,94,288
2024-02-09,Facebook,Livraison gratuite sur toutes les commandes > 50 EUR.,3668,56,149
2022-12-09,Twitter,Flash sale : 48h de promotions exceptionnelles !,689,378,177
2023-11-07,Twitter,Flash sale : 48h de promotions exceptionnelles !,4555,92,50
2022-06-25,Instagram,Livraison gratuite sur toutes les commandes > 50 EUR.,2695,436,98
2023-08-15,TikTok,Flash sale : 48h de promotions exceptionnelles !,1649,430,156
2022-07-20,Facebook,Rejoignez notre programme fidelite.,414,239,144
2022-05-22,LinkedIn,Livraison gratuite sur toutes les commandes > 50 EUR.,1719,265,138
2024-05-09,LinkedIn,Livraison gratuite sur toutes les commandes > 50 EUR.,1628,417,165
2022-07-18,TikTok,"Commandez avant midi, livraison le lendemain !",2292,55,217
2022-08-28,Facebook,Paiement en 3 fois sans frais sur nos smartphones.,1817,40,226
2023-10-22,Twitter,Rejoignez notre programme fidelite.,3779,131,219
2024-01-13,TikTok,Flash sale : 48h de promotions exceptionnelles !,2772,278,292
2022-05-31,LinkedIn,"Commandez avant midi, livraison le lendemain !",2874,343,57
2022-12-13,LinkedIn,Rejoignez notre programme fidelite.,3900,97,184
2022-11-14,Twitter,Rejoignez notre programme fidelite.,4666,91,107
2023-10-25,TikTok,"Commandez avant midi, livraison le lendemain !",1149,221,181
2023-05-11,LinkedIn,Livraison gratuite sur toutes les commandes > 50 EUR.,4379,380,193
2024-05-08,Twitter,Flash sale : 48h de promotions exceptionnelles !,1458,83,247
2022-09-17,LinkedIn,Rejoignez notre programme fidelite.,2488,10,30
2022-11-28,Facebook,Livraison gratuite sur toutes les commandes > 50 EUR.,1564,271,7
2022-06-05,Twitter,"Commandez avant midi, livraison le lendemain !",1209,313,85
2022-08-19,Instagram,"Commandez avant midi, livraison le lendemain !",3478,415,111
2022-10-31,Instagram,Rejoignez notre programme fidelite.,1393,380,296
2023-04-25,Instagram,"Commandez avant midi, livraison le lendemain !",208,315,171
2024-03-22,LinkedIn,Rejoignez notre programme fidelite.,2473,224,56
2024-06-05,TikTok,Paiement en 3 fois sans frais sur nos smartphones.,2699,176,131
2022-07-11,LinkedIn,Paiement en 3 fois sans frais sur nos smartphones.,3402,94,252
2022-09-04,Facebook,Rejoignez notre programme fidelite.,2158,410,21
2022-04-15,Facebook,Flash sale : 48h de promotions exceptionnelles !,4087,108,227
2023-09-15,Twitter,Paiement en 3 fois sans frais sur nos smartphones.,1357,85,119
2022-10-28,Facebook,"Commandez avant midi, livraison le lendemain !",3302,223,85
2023-04-22,TikTok,Paiement en 3 fois sans frais sur nos smartphones.,4765,63,300
2024-01-27,TikTok,"Commandez avant midi, livraison le lendemain !",1156,428,280
2024-02-12,TikTok,Livraison gratuite sur toutes les commandes > 50 EUR.,939,431,214
2023-03-20,Instagram,Flash sale : 48h de promotions exceptionnelles !,2325,493,196
2023-08-21,Instagram,Rejoignez notre programme fidelite.,3552,487,90
2023-09-16,Twitter,Rejoignez notre programme fidelite.,256,198,284
2022-09-06,TikTok,Rejoignez notre programme fidelite.,1554,290,270
2023-03-17,Facebook,Nouvelle collection disponible ! -20% ce weekend.,4587,112,285
2022-11-22,Facebook,Rejoignez notre programme fidelite.,3202,214,36
2022-02-10,Twitter,Flash sale : 48h de promotions exceptionnelles !,104,95,32
2023-05-06,TikTok,Rejoignez notre programme fidelite.,1875,78,260
2023-04-05,Instagram,Rejoignez notre programme fidelite.,4947,59,61
2022-12-24,TikTok,Paiement en 3 fois sans frais sur nos smartphones.,1658,500,205
2022-12-03,Instagram,Livraison gratuite sur toutes les commandes > 50 EUR.,1072,214,296
2023-02-27,Facebook,Rejoignez notre programme fidelite.,3702,103,254
2024-05-24,Twitter,Nouvelle collection disponible ! -20% ce weekend.,1296,397,113
2022-11-23,Instagram,Paiement en 3 fois sans frais sur nos smartphones.,767,274,59
2023-07-23,Twitter,"Commandez avant midi, livraison le lendemain !",3429,88,149
2023-04-03,Twitter,Nouvelle collection disponible ! -20% ce weekend.,1858,324,103
2024-06-16,TikTok,Flash sale : 48h de promotions exceptionnelles !,4337,500,54
2023-02-28,Facebook,"Commandez avant midi, livraison le lendemain !",3251,462,286
2022-10-10,Instagram,Livraison gratuite sur toutes les commandes > 50 EUR.,4998,303,103
2023-09-13,Twitter,Rejoignez notre programme fidelite.,3201,462,25
2022-12-03,Facebook,Paiement en 3 fois sans frais sur nos smartphones.,339,140,25
2022-04-27,TikTok,Livraison gratuite sur toutes les commandes > 50 EUR.,4944,406,18
2023-06-13,LinkedIn,Nouvelle collection disponible ! -20% ce weekend.,2909,420,265
2022-01-07,Instagram,Nouvelle collection disponible ! -20% ce weekend.,3148,430,12
2024-01-10,LinkedIn,Livraison gratuite sur toutes les commandes > 50 EUR.,4436,55,117
2023-05-31,Instagram,Flash sale : 48h de promotions exceptionnelles !,4554,13,138
2023-04-01,TikTok,Rejoignez notre programme fidelite.,2751,265,283
2024-06-14,Twitter,Flash sale : 48h de promotions exceptionnelles !,4767,2,125
2023-11-25,TikTok,"Commandez avant midi, livraison le lendemain !",1153,152,62
2022-05-24,Instagram,"Commandez avant midi, livraison le lendemain !",3313,325,203
2022-08-30,TikTok,Livraison gratuite sur toutes les commandes > 50 EUR.,368,381,291
2023-09-24,LinkedIn,Livraison gratuite sur toutes les commandes > 50 EUR.,4355,7,145
2022-08-17,Facebook,Livraison gratuite sur toutes les commandes > 50 EUR.,3895,424,255
2024-05-31,TikTok,Rejoignez notre programme fidelite.,943,120,222
2022-06-20,LinkedIn,"Commandez avant midi, livraison le lendemain !",1600,173,187
2024-01-25,Twitter,"Commandez avant midi, livraison le lendemain !",362,495,199
2022-10-03,Facebook,Nouvelle collection disponible ! -20% ce weekend.,3354,268,83
2022-10-04,Instagram,"Commandez avant midi, livraison le lendemain !",2377,32,143
2022-10-14,LinkedIn,Livraison gratuite sur toutes les commandes > 50 EUR.,2153,20,73
2024-06-25,LinkedIn,Flash sale : 48h de promotions exceptionnelles !,2140,204,227
2022-07-23,LinkedIn,Livraison gratuite sur toutes les commandes > 50 EUR.,4954,73,169
2024-06-05,Instagram,Livraison gratuite sur toutes les commandes > 50 EUR.,780,456,223
2023-11-02,LinkedIn,Paiement en 3 fois sans frais sur nos smartphones.,650,68,241
2022-11-13,TikTok,Rejoignez notre programme fidelite.,1551,125,77
2023-10-07,Facebook,"Commandez avant midi, livraison le lendemain !",1625,102,225
2022-05-03,LinkedIn,Flash sale : 48h de promotions exceptionnelles !,63,338,275
2022-10-09,TikTok,Flash sale : 48h de promotions exceptionnelles !,3379,267,192
2024-03-10,Twitter,Rejoignez notre programme fidelite.,4160,251,215
2022-05-18,LinkedIn,Rejoignez notre programme fidelite.,13,70,209
2022-08-13,Instagram,Livraison gratuite sur toutes les commandes > 50 EUR.,3323,12,100
2022-05-03,Facebook,Rejoignez notre programme fidelite.,89,115,200
2023-09-25,TikTok,"Commandez avant midi, livraison le lendemain !",4755,312,220
2023-05-13,TikTok,Paiement en 3 fois sans frais sur nos smartphones.,3749,269,129
2022-06-02,LinkedIn,Nouvelle collection disponible ! -20% ce weekend.,2915,324,130
2024-03-21,Instagram,Flash sale : 48h de promotions exceptionnelles !,4059,90,59
2024-01-05,Facebook,Nouvelle collection disponible ! -20% ce weekend.,1223,427,299
2023-06-10,TikTok,Flash sale : 48h de promotions exceptionnelles !,820,400,186
2023-04-10,Instagram,Rejoignez notre programme fidelite.,3380,270,140
2022-01-01,Twitter,Nouvelle collection disponible ! -20% ce weekend.,3425,157,285
2024-06-22,Twitter,"Commandez avant midi, livraison le lendemain !",690,268,162
2023-08-29,Facebook,Paiement en 3 fois sans frais sur nos smartphones.,2226,229,181
2023-12-24,Facebook,Flash sale : 48h de promotions exceptionnelles !,4323,234,69
2023-06-08,Instagram,"Commandez avant midi, livraison le lendemain !",4860,184,267
2024-02-08,LinkedIn,Flash sale : 48h de promotions exceptionnelles !,4671,418,217
2022-04-12,Twitter,Nouvelle collection disponible ! -20% ce weekend.,4970,8,43
2022-05-31,Instagram,"Commandez avant midi, livraison le lendemain !",3286,401,148
2022-03-21,Twitter,Nouvelle collection disponible ! -20% ce weekend.,4001,365,146
2023-04-16,LinkedIn,"Commandez avant midi, livraison le lendemain !",949,493,64
2024-05-11,Instagram,Nouvelle collection disponible ! -20% ce weekend.,3963,300,298
2022-12-03,Twitter,Paiement en 3 fois sans frais sur nos smartphones.,1470,198,242
2024-06-23,Instagram,Livraison gratuite sur toutes les commandes > 50 EUR.,196,119,258
2022-08-14,Twitter,Nouvelle collection disponible ! -20% ce weekend.,2655,125,55
2023-07-10,LinkedIn,Rejoignez notre programme fidelite.,1483,422,167
2023-05-06,Twitter,Rejoignez notre programme fidelite.,3480,273,112
2024-04-10,Twitter,Rejoignez notre programme fidelite.,1846,71,154
2022-02-01,LinkedIn,Nouvelle collection disponible ! -20% ce weekend.,3979,65,198
2022-06-02,LinkedIn,Livraison gratuite sur toutes les commandes > 50 EUR.,338,229,63
2023-06-21,TikTok,Rejoignez notre programme fidelite.,791,128,158
2022-05-13,Twitter,Flash sale : 48h de promotions exceptionnelles !,2805,154,31
2023-09-25,Instagram,Flash sale : 48h de promotions exceptionnelles !,4377,294,296
2023-08-15,Twitter,"Commandez avant midi, livraison le lendemain !",4221,395,258
2024-04-23,Twitter,"Commandez avant midi, livraison le lendemain !",1267,99,162
2022-10-02,Facebook,Livraison gratuite sur toutes les commandes > 50 EUR.,4968,134,83
2023-08-09,Instagram,Rejoignez notre programme fidelite.,1635,172,43
2023-09-04,TikTok,Flash sale : 48h de promotions exceptionnelles !,1625,164,37
2022-10-06,TikTok,Paiement en 3 fois sans frais sur nos smartphones.,4866,365,57
2023-08-21,TikTok,Paiement en 3 fois sans frais sur nos smartphones.,4695,425,247
2023-02-02,Facebook,"Commandez avant midi, livraison le lendemain !",1999,402,108
2023-09-07,Instagram,Flash sale : 48h de promotions exceptionnelles !,2515,241,10
2022-03-10,LinkedIn,Livraison gratuite sur toutes les commandes > 50 EUR.,1006,425,66
2024-01-27,Instagram,Rejoignez notre programme fidelite.,4566,6,12
2022-12-26,LinkedIn,Livraison gratuite sur toutes les commandes > 50 EUR.,3088,11,39
2023-10-19,Twitter,"Commandez avant midi, livraison le lendemain !",4747,348,34
2022-05-29,Instagram,Livraison gratuite sur toutes les commandes > 50 EUR.,3848,346,68
2022-11-10,TikTok,Nouvelle collection disponible ! -20% ce weekend.,4917,189,140
2023-04-21,Facebook,Rejoignez notre programme fidelite.,3890,138,130
2023-06-28,Twitter,"Commandez avant midi, livraison le lendemain !",1693,178,221
2024-06-23,Twitter,Nouvelle collection disponible ! -20% ce weekend.,594,70,35
2024-06-10,Twitter,Livraison gratuite sur toutes les commandes > 50 EUR.,2721,122,236
2022-05-29,TikTok,Livraison gratuite sur toutes les commandes > 50 EUR.,1667,193,248
2022-07-12,Twitter,Paiement en 3 fois sans frais sur nos smartphones.,1487,169,213
2023-08-26,LinkedIn,Paiement en 3 fois sans frais sur nos smartphones.,1363,257,84
2022-09-02,TikTok,Flash sale : 48h de promotions exceptionnelles !,1142,174,257
2022-03-04,TikTok,Flash sale : 48h de promotions exceptionnelles !,4319,441,275
2022-01-29,Instagram,Rejoignez notre programme fidelite.,4532,424,112
2022-09-13,TikTok,Flash sale : 48h de promotions exceptionnelles !,3281,426,17
2022-09-05,TikTok,Paiement en 3 fois sans frais sur nos smartphones.,4821,429,120
2024-05-01,Twitter,Rejoignez notre programme fidelite.,311,263,206
2022-06-09,TikTok,Flash sale : 48h de promotions exceptionnelles !,16,138,216
2023-11-07,TikTok,Nouvelle collection disponible ! -20% ce weekend.,4268,60,7
2023-10-16,TikTok,Paiement en 3 fois sans frais sur nos smartphones.,4471,443,131
2023-10-02,Twitter,Rejoignez notre programme fidelite.,3427,269,216
2022-03-11,Twitter,Flash sale : 48h de promotions exceptionnelles !,827,452,143
2022-05-09,LinkedIn,Paiement en 3 fois sans frais sur nos smartphones.,477,93,298
2022-01-30,Twitter,"Commandez avant midi, livraison le lendemain !",3254,169,297
2024-02-07,Twitter,Flash sale : 48h de promotions exceptionnelles !,2993,361,16
2023-01-15,LinkedIn,"Commandez avant midi, livraison le lendemain !",4025,461,58
2023-06-11,Facebook,Nouvelle collection disponible ! -20% ce weekend.,675,431,25
2023-02-25,Instagram,Paiement en 3 fois sans frais sur nos smartphones.,4884,22,270
2023-05-07,TikTok,Nouvelle collection disponible ! -20% ce weekend.,3460,70,56
2024-03-26,Instagram,Nouvelle collection disponible ! -20% ce weekend.,1668,5,224
2022-11-18,TikTok,Paiement en 3 fois sans frais sur nos smartphones.,2509,178,146
2023-04-11,Facebook,Livraison gratuite sur toutes les commandes > 50 EUR.,4602,197,113
2023-04-05,LinkedIn,Paiement en 3 fois sans frais sur nos smartphones.,476,10,236
2024-06-01,LinkedIn,Nouvelle collection disponible ! -20% ce weekend.,2424,147,117
2022-04-18,Twitter,Paiement en 3 fois sans frais sur nos smartphones.,940,349,168
2024-02-05,Twitter,Paiement en 3 fois sans frais sur nos smartphones.,3676,55,44
2023-02-04,TikTok,"Commandez avant midi, livraison le lendemain !",4990,118,253
2024-03-15,Instagram,"Commandez avant midi, livraison le lendemain !",1728,436,40
2024-06-18,Twitter,Rejoignez notre programme fidelite.,2351,194,182
2022-08-27,Instagram,"Commandez avant midi, livraison le lendemain !",3073,268,125
2023-01-03,Instagram,Rejoignez notre programme fidelite.,2093,269,102
2022-12-28,Twitter,Nouvelle collection disponible ! -20% ce weekend.,1503,383,254
2022-01-18,Twitter,Flash sale : 48h de promotions exceptionnelles !,3391,60,217
2022-06-15,TikTok,"Commandez avant midi, livraison le lendemain !",4014,3,29
2022-09-11,Facebook,Nouvelle collection disponible ! -20% ce weekend.,4379,381,79
2022-06-28,Instagram,Livraison gratuite sur toutes les commandes > 50 EUR.,3660,165,274
2023-02-16,Twitter,Livraison gratuite sur toutes les commandes > 50 EUR.,2465,115,235
2023-05-03,Twitter,Rejoignez notre programme fidelite.,993,442,76
2024-02-21,Instagram,Livraison gratuite sur toutes les commandes > 50 EUR.,59,39,20
2023-12-13,Facebook,Rejoignez notre programme fidelite.,268,156,162
2022-03-31,TikTok,Paiement en 3 fois sans frais sur nos smartphones.,3871,241,281
2023-06-20,Instagram,Livraison gratuite sur toutes les commandes > 50 EUR.,2346,447,159
2024-05-21,Twitter,Paiement en 3 fois sans frais sur nos smartphones.,4436,128,168
2024-03-13,Facebook,Livraison gratuite sur toutes les commandes > 50 EUR.,385,146,198
2022-03-06,Instagram,Flash sale : 48h de promotions exceptionnelles !,4922,6,225
2022-04-18,TikTok,Livraison gratuite sur toutes les commandes > 50 EUR.,2119,189,42
2024-04-08,TikTok,Flash sale : 48h de promotions exceptionnelles !,1151,356,235
2023-09-19,Twitter,Nouvelle collection disponible ! -20% ce weekend.,2509,434,166
2024-05-12,Twitter,Flash sale : 48h de promotions exceptionnelles !,4638,283,193
2023-05-07,Instagram,Nouvelle collection disponible ! -20% ce weekend.,4060,120,138
2022-11-04,LinkedIn,Livraison gratuite sur toutes les commandes > 50 EUR.,303,396,129
2024-01-06,Instagram,Paiement en 3 fois sans frais sur nos smartphones.,851,115,278
2022-03-20,Twitter,"Commandez avant midi, livraison le lendemain !",3462,495,277
2023-01-03,LinkedIn,Flash sale : 48h de promotions exceptionnelles !,4834,110,249
2023-06-30,Facebook,Nouvelle collection disponible ! -20% ce weekend.,2212,341,201
2024-06-15,TikTok,Nouvelle collection disponible ! -20% ce weekend.,2489,314,171
2023-03-08,Instagram,Flash sale : 48h de promotions exceptionnelles !,824,149,126
2024-03-28,Facebook,Paiement en 3 fois sans frais sur nos smartphones.,4630,418,292
2024-06-05,LinkedIn,Livraison gratuite sur toutes les commandes > 50 EUR.,114,50,74
2022-11-13,Instagram,"Commandez avant midi, livraison le lendemain !",1940,345,282
2024-01-22,Twitter,"Commandez avant midi, livraison le lendemain !",1317,9,264
2022-07-13,TikTok,Nouvelle collection disponible ! -20% ce weekend.,3232,349,145
2022-03-11,Twitter,Livraison gratuite sur toutes les commandes > 50 EUR.,473,105,283
2023-11-01,Twitter,"Commandez avant midi, livraison le lendemain !",3950,100,277
2023-03-08,Twitter,Paiement en 3 fois sans frais sur nos smartphones.,1481,99,145
2024-03-01,Twitter,Flash sale : 48h de promotions exceptionnelles !,973,315,23
2023-10-18,LinkedIn,Paiement en 3 fois sans frais sur nos smartphones.,1070,470,102
2023-06-07,Instagram,Paiement en 3 fois sans frais sur nos smartphones.,3513,392,237
2024-02-11,Twitter,"Commandez avant midi, livraison le lendemain !",1784,77,75
2022-11-21,Instagram,Rejoignez notre programme fidelite.,4541,48,30
2023-03-21,Twitter,Flash sale : 48h de promotions exceptionnelles !,3503,119,169
2023-07-10,TikTok,"Commandez avant midi, livraison le lendemain !",567,250,6
2024-06-16,Facebook,"Commandez avant midi, livraison le lendemain !",3096,138,125
2022-05-18,Instagram,Rejoignez notre programme fidelite.,1439,289,30
2024-06-12,Instagram,"Commandez avant midi, livraison le lendemain !",1562,272,120
2022-02-14,Twitter,Livraison gratuite sur toutes les commandes > 50 EUR.,1855,416,102
2022-07-01,TikTok,"Commandez avant midi, livraison le lendemain !",1748,479,16
2022-02-10,Instagram,Nouvelle collection disponible ! -20% ce weekend.,1538,145,74
2022-01-20,LinkedIn,Livraison gratuite sur toutes les commandes > 50 EUR.,2701,324,287
2022-12-10,Instagram,Paiement en 3 fois sans frais sur nos smartphones.,415,46,149
2022-07-13,LinkedIn,Rejoignez notre programme fidelite.,3506,220,21
2022-01-14,Twitter,Rejoignez notre programme fidelite.,3007,383,118
2022-09-03,TikTok,Flash sale : 48h de promotions exceptionnelles !,3737,222,211
2023-02-02,LinkedIn,Rejoignez notre programme fidelite.,593,76,123
2024-06-29,Twitter,Rejoignez notre programme fidelite.,840,36,19
2022-01-24,Facebook,Flash sale : 48h de promotions exceptionnelles !,2082,28,260
2024-02-15,Instagram,Flash sale : 48h de promotions exceptionnelles !,3327,8,298
2023-04-23,Facebook,Nouvelle collection disponible ! -20% ce weekend.,2087,137,285
2022-11-05,Facebook,Rejoignez notre programme fidelite.,4703,109,269
2022-08-04,Twitter,Flash sale : 48h de promotions exceptionnelles !,152,153,198
2022-02-08,Instagram,"Commandez avant midi, livraison le lendemain !",802,458,284
2022-01-12,Facebook,"Commandez avant midi, livraison le lendemain !",887,267,174
2023-07-01,Facebook,Rejoignez notre programme fidelite.,3304,94,156
2024-01-06,LinkedIn,Flash sale : 48h de promotions exceptionnelles !,4367,414,56
2022-05-26,LinkedIn,"Commandez avant midi, livraison le lendemain !",4794,374,298
2023-06-23,Instagram,Paiement en 3 fois sans frais sur nos smartphones.,543,224,229
2022-01-22,Twitter,Paiement en 3 fois sans frais sur nos smartphones.,1928,365,128
2022-10-18,Facebook,"Commandez avant midi, livraison le lendemain !",632,493,112
2024-03-30,Facebook,Rejoignez notre programme fidelite.,915,113,111
2022-08-27,Instagram,Flash sale : 48h de promotions exceptionnelles !,645,265,228
2024-05-11,TikTok,"Commandez avant midi, livraison le lendemain !",2254,298,34
2022-03-06,Instagram,"Commandez avant midi, livraison le lendemain !",3982,173,72
2023-11-14,Instagram,Rejoignez notre programme fidelite.,4567,117,26
2022-11-21,LinkedIn,Flash sale : 48h de promotions exceptionnelles !,908,111,127
2023-09-03,Facebook,Livraison gratuite sur toutes les commandes > 50 EUR.,739,59,180
2023-07-15,LinkedIn,Rejoignez notre programme fidelite.,3137,407,253
2024-05-26,Twitter,"Commandez avant midi, livraison le lendemain !",3650,109,114
2022-05-03,LinkedIn,Paiement en 3 fois sans frais sur nos smartphones.,3054,283,167
2022-11-21,LinkedIn,Livraison gratuite sur toutes les commandes > 50 EUR.,1122,493,102
2023-10-18,TikTok,Livraison gratuite sur toutes les commandes > 50 EUR.,1830,352,93
2024-04-29,LinkedIn,Flash sale : 48h de promotions exceptionnelles !,1363,341,183
2022-07-12,LinkedIn,Paiement en 3 fois sans frais sur nos smartphones.,501,228,167
2023-07-31,Twitter,"Commandez avant midi, livraison le lendemain !",2870,290,96
2022-07-24,Facebook,Flash sale : 48h de promotions exceptionnelles !,1448,435,130
2024-05-26,Instagram,Nouvelle collection disponible ! -20% ce weekend.,2825,213,12
2023-05-22,Facebook,Livraison gratuite sur toutes les commandes > 50 EUR.,3360,191,293
2022-02-18,Facebook,Paiement en 3 fois sans frais sur nos smartphones.,2853,416,102
2022-09-07,TikTok,"Commandez avant midi, livraison le lendemain !",3448,399,34
2022-06-07,TikTok,Flash sale : 48h de promotions exceptionnelles !,1419,129,161
2022-08-17,TikTok,Livraison gratuite sur toutes les commandes > 50 EUR.,283,341,263
2022-01-16,Twitter,Rejoignez notre programme fidelite.,1179,442,245
2022-12-10,LinkedIn,Rejoignez notre programme fidelite.,733,294,294
2022-12-04,TikTok,Livraison gratuite sur toutes les commandes > 50 EUR.,51,61,171
2024-06-06,Facebook,"Commandez avant midi, livraison le lendemain !",298,417,36
2024-05-29,LinkedIn,Livraison gratuite sur toutes les commandes > 50 EUR.,3765,156,70
2023-10-31,Instagram,Nouvelle collection disponible ! -20% ce weekend.,4977,120,164
2024-01-02,LinkedIn,Flash sale : 48h de promotions exceptionnelles !,2873,381,89
2023-01-13,Instagram,Livraison gratuite sur toutes les commandes > 50 EUR.,2174,426,142
2022-06-29,Twitter,"Commandez avant midi, livraison le lendemain !",4548,201,41
2023-12-23,TikTok,Flash sale : 48h de promotions exceptionnelles !,437,247,263
2023-11-14,LinkedIn,Flash sale : 48h de promotions exceptionnelles !,4832,301,269
2022-08-31,Facebook,Rejoignez notre programme fidelite.,1155,27,145
2023-08-29,Instagram,Paiement en 3 fois sans frais sur nos smartphones.,1351,79,63
2024-05-05,TikTok,"Commandez avant midi, livraison le lendemain !",2280,382,28
2023-04-10,Facebook,Flash sale : 48h de promotions exceptionnelles !,2171,258,71
2024-02-12,LinkedIn,Paiement en 3 fois sans frais sur nos smartphones.,444,142,66
2023-10-23,TikTok,Nouvelle collection disponible ! -20% ce weekend.,2900,345,81
2024-01-04,TikTok,Flash sale : 48h de promotions exceptionnelles !,3722,258,136
2024-01-25,LinkedIn,Paiement en 3 fois sans frais sur nos smartphones.,1081,359,296
2022-03-21,LinkedIn,Nouvelle collection disponible ! -20% ce weekend.,965,449,193
2023-11-18,TikTok,"Commandez avant midi, livraison le lendemain !",843,417,115
2023-09-16,Twitter,Livraison gratuite sur toutes les commandes > 50 EUR.,1749,165,157
2023-09-04,Facebook,Rejoignez notre programme fidelite.,1813,270,19
2022-10-12,LinkedIn,Paiement en 3 fois sans frais sur nos smartphones.,2002,74,152
2024-02-22,Facebook,Paiement en 3 fois sans frais sur nos smartphones.,4615,486,261
2024-05-06,Twitter,Flash sale : 48h de promotions exceptionnelles !,4886,89,110
2022-01-27,Twitter,Livraison gratuite sur toutes les commandes > 50 EUR.,2446,365,23
2024-02-06,Twitter,Rejoignez notre programme fidelite.,2691,127,34
2022-09-07,Facebook,Flash sale : 48h de promotions exceptionnelles !,4525,484,245
2022-01-11,LinkedIn,Flash sale : 48h de promotions exceptionnelles !,42,104,116
2022-03-14,LinkedIn,"Commandez avant midi, livraison le lendemain !",4509,230,235
2023-12-22,Instagram,Livraison gratuite sur toutes les commandes > 50 EUR.,4772,56,61
2022-03-16,Instagram,Rejoignez notre programme fidelite.,1496,27,117
2024-03-28,TikTok,Flash sale : 48h de promotions exceptionnelles !,3891,309,293
2024-01-03,Instagram,Flash sale : 48h de promotions exceptionnelles !,4569,348,255
2022-12-17,Instagram,"Commandez avant midi, livraison le lendemain !",1326,415,217
2022-11-15,Instagram,Livraison gratuite sur toutes les commandes > 50 EUR.,2482,100,140
2022-01-04,Instagram,Flash sale : 48h de promotions exceptionnelles !,1726,387,183
2023-08-01,Facebook,"Commandez avant midi, livraison le lendemain !",1049,469,155
2023-10-26,LinkedIn,Rejoignez notre programme fidelite.,1289,162,291
2024-05-20,Twitter,"Commandez avant midi, livraison le lendemain !",1768,223,92
2023-09-21,Facebook,"Commandez avant midi, livraison le lendemain !",3969,186,260
2022-11-03,Facebook,Paiement en 3 fois sans frais sur nos smartphones.,158,9,281
2022-05-29,LinkedIn,Livraison gratuite sur toutes les commandes > 50 EUR.,1597,465,187
2022-06-27,Instagram,"Commandez avant midi, livraison le lendemain !",3163,420,272
2023-04-06,Twitter,"Commandez avant midi, livraison le lendemain !",1850,446,274
2023-01-10,Twitter,Paiement en 3 fois sans frais sur nos smartphones.,368,60,172
2022-10-28,Instagram,Flash sale : 48h de promotions exceptionnelles !,4540,84,297
2024-05-08,LinkedIn,Rejoignez notre programme fidelite.,3941,210,202
2023-02-24,Facebook,Rejoignez notre programme fidelite.,953,430,113
2023-12-15,LinkedIn,Paiement en 3 fois sans frais sur nos smartphones.,3195,363,20
2022-11-11,Instagram,"Commandez avant midi, livraison le lendemain !",3931,181,140
2022-11-13,Twitter,Flash sale : 48h de promotions exceptionnelles !,1671,412,15
2023-08-13,Facebook,Paiement en 3 fois sans frais sur nos smartphones.,337,315,145
2023-07-18,Twitter,Nouvelle collection disponible ! -20% ce weekend.,210,46,147
2022-09-08,Twitter,"Commandez avant midi, livraison le lendemain !",52,483,73
2023-06-24,Instagram,Livraison gratuite sur toutes les commandes > 50 EUR.,4038,119,119
2024-01-07,LinkedIn,Livraison gratuite sur toutes les commandes > 50 EUR.,616,77,227
2023-09-23,Instagram,Paiement en 3 fois sans frais sur nos smartphones.,4235,87,199
2022-09-18,LinkedIn,"Commandez avant midi, livraison le lendemain !",1986,221,64
2024-03-22,Twitter,Flash sale : 48h de promotions exceptionnelles !,977,77,151
2023-07-06,Facebook,Flash sale : 48h de promotions exceptionnelles !,4090,158,30
2024-03-19,Facebook,Flash sale : 48h de promotions exceptionnelles !,329,449,255
2023-06-01,LinkedIn,Flash sale : 48h de promotions exceptionnelles !,696,361,222
2023-04-08,TikTok,"Commandez avant midi, livraison le lendemain !",3223,127,300
2022-12-11,LinkedIn,Paiement en 3 fois sans frais sur nos smartphones.,1001,272,200
2022-11-03,Instagram,Nouvelle collection disponible ! -20% ce weekend.,4413,238,75
2024-06-08,Instagram,Livraison gratuite sur toutes les commandes > 50 EUR.,4275,183,152
2024-05-23,LinkedIn,Paiement en 3 fois sans frais sur nos smartphones.,818,428,268
2023-01-09,Instagram,"Commandez avant midi, livraison le lendemain !",3769,404,300
2023-04-19,Facebook,Livraison gratuite sur toutes les commandes > 50 EUR.,3574,433,16
2024-06-06,Facebook,Nouvelle collection disponible ! -20% ce weekend.,3693,435,62
2023-09-12,Facebook,Livraison gratuite sur toutes les commandes > 50 EUR.,4364,263,256
2022-12-30,Facebook,Paiement en 3 fois sans frais sur nos smartphones.,1788,236,260
2022-12-04,LinkedIn,Livraison gratuite sur toutes les commandes > 50 EUR.,3874,342,90
2024-01-27,Twitter,"Commandez avant midi, livraison le lendemain !",2498,296,94
2023-02-26,Instagram,Flash sale : 48h de promotions exceptionnelles !,4116,238,161
2024-03-22,Twitter,Livraison gratuite sur toutes les commandes > 50 EUR.,228,387,196
2023-10-23,TikTok,Flash sale : 48h de promotions exceptionnelles !,3201,47,53
2023-06-29,LinkedIn,"Commandez avant midi, livraison le lendemain !",2041,175,48
2022-11-13,Twitter,Nouvelle collection disponible ! -20% ce weekend.,1729,362,185
2023-07-11,Twitter,Nouvelle collection disponible ! -20% ce weekend.,4183,162,178
2024-05-22,TikTok,"Commandez avant midi, livraison le lendemain !",749,140,32
2023-01-19,Twitter,Flash sale : 48h de promotions exceptionnelles !,4265,199,237
2023-04-23,Facebook,Flash sale : 48h de promotions exceptionnelles !,2152,246,296
2023-10-12,TikTok,Rejoignez notre programme fidelite.,3122,128,111
2022-04-17,Facebook,"Commandez avant midi, livraison le lendemain !",4610,253,227
2022-03-14,TikTok,Flash sale : 48h de promotions exceptionnelles !,2374,486,95
2022-05-28,Instagram,Paiement en 3 fois sans frais sur nos smartphones.,4787,396,246
2022-12-27,TikTok,"Commandez avant midi, livraison le lendemain !",3099,496,108
2022-01-20,Twitter,Flash sale : 48h de promotions exceptionnelles !,2769,137,69
2023-11-19,LinkedIn,Paiement en 3 fois sans frais sur nos smartphones.,4971,246,167
2022-09-19,Instagram,Livraison gratuite sur toutes les commandes > 50 EUR.,1830,325,17
2023-12-27,Twitter,"Commandez avant midi, livraison le lendemain !",3470,325,164
2022-05-29,Twitter,Paiement en 3 fois sans frais sur nos smartphones.,3730,437,17
2024-06-03,Instagram,Rejoignez notre programme fidelite.,3034,408,280
2023-07-27,Facebook,Nouvelle collection disponible ! -20% ce weekend.,378,98,17
2023-12-28,TikTok,Paiement en 3 fois sans frais sur nos smartphones.,480,96,213
2022-07-03,LinkedIn,Flash sale : 48h de promotions exceptionnelles !,4413,135,289
2023-09-23,Instagram,Nouvelle collection disponible ! -20% ce weekend.,292,485,26
2022-06-16,Facebook,Rejoignez notre programme fidelite.,2054,301,182
2022-03-10,Twitter,Rejoignez notre programme fidelite.,4753,16,39
2022-06-20,LinkedIn,Paiement en 3 fois sans frais sur nos smartphones.,1203,70,17
2023-08-30,Facebook,Livraison gratuite sur toutes les commandes > 50 EUR.,2940,19,14
2022-11-19,Facebook,"Commandez avant midi, livraison le lendemain !",187,97,167
2022-02-27,TikTok,Paiement en 3 fois sans frais sur nos smartphones.,3370,303,202
2022-01-31,Twitter,Rejoignez notre programme fidelite.,3068,340,300
2022-01-19,TikTok,Flash sale : 48h de promotions exceptionnelles !,1895,122,50
2023-04-20,Instagram,Rejoignez notre programme fidelite.,3731,273,48
2023-11-21,Facebook,Livraison gratuite sur toutes les commandes > 50 EUR.,2927,70,65
2022-10-09,LinkedIn,Rejoignez notre programme fidelite.,4098,380,280
2023-06-28,Instagram,"Commandez avant midi, livraison le lendemain !",4106,160,38
2023-04-11,LinkedIn,Paiement en 3 fois sans frais sur nos smartphones.,1266,178,45
2023-10-27,LinkedIn,Nouvelle collection disponible ! -20% ce weekend.,4647,360,193
2023-11-19,TikTok,Livraison gratuite sur toutes les commandes > 50 EUR.,1129,310,107
2023-05-09,LinkedIn,Rejoignez notre programme fidelite.,3379,400,62
2024-06-25,Instagram,Nouvelle collection disponible ! -20% ce weekend.,2946,217,19
2024-03-24,Twitter,Rejoignez notre programme fidelite.,4484,246,271
2023-11-23,Twitter,Livraison gratuite sur toutes les commandes > 50 EUR.,4547,215,284
2022-05-21,LinkedIn,Livraison gratuite sur toutes les commandes > 50 EUR.,3658,256,100
2023-04-15,LinkedIn,"Commandez avant midi, livraison le lendemain !",2935,225,245
2023-04-28,Instagram,Flash sale : 48h de promotions exceptionnelles !,4254,295,296
2024-05-02,Twitter,Flash sale : 48h de promotions exceptionnelles !,3942,327,89
2022-08-06,Facebook,Nouvelle collection disponible ! -20% ce weekend.,3188,437,60
2022-11-13,LinkedIn,Rejoignez notre programme fidelite.,2285,55,236
2023-11-29,Instagram,Rejoignez notre programme fidelite.,3708,202,186
2022-03-06,Facebook,Nouvelle collection disponible ! -20% ce weekend.,1173,27,202
2022-07-26,Facebook,"Commandez avant midi, livraison le lendemain !",309,166,191
2024-04-09,Facebook,Nouvelle collection disponible ! -20% ce weekend.,3532,495,199
2024-01-10,Twitter,Flash sale : 48h de promotions exceptionnelles !,874,372,127
2022-10-16,Twitter,Paiement en 3 fois sans frais sur nos smartphones.,1472,169,13
2022-11-10,Facebook,Livraison gratuite sur toutes les commandes > 50 EUR.,4726,161,192
2023-07-03,TikTok,Livraison gratuite sur toutes les commandes > 50 EUR.,4678,269,55
2022-03-23,TikTok,"Commandez avant midi, livraison le lendemain !",1913,333,300
2023-03-16,Facebook,Flash sale : 48h de promotions exceptionnelles !,1188,355,22
2024-01-08,TikTok,"Commandez avant midi, livraison le lendemain !",3089,325,38
2022-12-25,Facebook,Livraison gratuite sur toutes les commandes > 50 EUR.,1610,455,165
2022-02-17,Facebook,Flash sale : 48h de promotions exceptionnelles !,184,125,142
2022-01-25,Twitter,Rejoignez notre programme fidelite.,4496,121,130
2023-12-29,Instagram,Flash sale : 48h de promotions exceptionnelles !,1367,83,92
2022-02-03,Instagram,Rejoignez notre programme fidelite.,550,121,14
2022-08-15,Twitter,Nouvelle collection disponible ! -20% ce weekend.,3457,285,109
2023-05-12,Facebook,Flash sale : 48h de promotions exceptionnelles !,717,327,112
2022-07-14,LinkedIn,Flash sale : 48h de promotions exceptionnelles !,499,367,147
2022-09-22,Twitter,Nouvelle collection disponible ! -20% ce weekend.,2214,452,192
2023-08-05,Facebook,Paiement en 3 fois sans frais sur nos smartphones.,2462,444,300
2022-05-13,LinkedIn,Nouvelle collection disponible ! -20% ce weekend.,1257,193,15
2023-03-19,Twitter,Rejoignez notre programme fidelite.,2203,90,117
2022-02-24,Instagram,Livraison gratuite sur toutes les commandes > 50 EUR.,4623,188,103
2024-04-05,Facebook,Nouvelle collection disponible ! -20% ce weekend.,3929,152,91
2024-03-06,LinkedIn,Flash sale : 48h de promotions exceptionnelles !,608,37,291
2024-03-22,Twitter,Flash sale : 48h de promotions exceptionnelles !,1423,142,25
2024-05-16,Facebook,Flash sale : 48h de promotions exceptionnelles !,1044,168,176
2023-08-10,TikTok,Paiement en 3 fois sans frais sur nos smartphones.,3445,19,88
2022-07-09,Facebook,Flash sale : 48h de promotions exceptionnelles !,3952,271,184
2022-03-18,Instagram,Paiement en 3 fois sans frais sur nos smartphones.,1394,312,18
2023-08-22,Instagram,Rejoignez notre programme fidelite.,4817,401,30
2022-07-02,TikTok,Paiement en 3 fois sans frais sur nos smartphones.,3942,93,137
2023-04-24,Instagram,Nouvelle collection disponible ! -20% ce weekend.,3349,358,225
2022-04-08,Instagram,Rejoignez notre programme fidelite.,804,200,196
2023-09-04,Facebook,Paiement en 3 fois sans frais sur nos smartphones.,2244,102,115
2023-11-03,Facebook,Rejoignez notre programme fidelite.,3210,101,117
2022-11-27,Facebook,Paiement en 3 fois sans frais sur nos smartphones.,786,477,280
2022-01-29,Instagram,"Commandez avant midi, livraison le lendemain !",4167,483,272
2023-04-27,LinkedIn,Flash sale : 48h de promotions exceptionnelles !,3238,476,7
2024-04-01,TikTok,Paiement en 3 fois sans frais sur nos smartphones.,1192,248,288
2023-05-12,TikTok,Flash sale : 48h de promotions exceptionnelles !,2284,299,67
2023-02-17,LinkedIn,Nouvelle collection disponible ! -20% ce weekend.,3373,77,37
2023-12-23,TikTok,Nouvelle collection disponible ! -20% ce weekend.,2487,259,223
2022-01-25,Instagram,Rejoignez notre programme fidelite.,98,260,101
2024-02-08,LinkedIn,Nouvelle collection disponible ! -20% ce weekend.,303,204,151
2022-12-31,LinkedIn,Nouvelle collection disponible ! -20% ce weekend.,2517,341,105
2023-02-22,TikTok,Paiement en 3 fois sans frais sur nos smartphones.,4467,159,183
2024-01-22,Instagram,Flash sale : 48h de promotions exceptionnelles !,849,415,74
2024-05-16,Facebook,Flash sale : 48h de promotions exceptionnelles !,1673,322,288
2024-06-27,LinkedIn,Flash sale : 48h de promotions exceptionnelles !,3927,12,272
2022-08-18,TikTok,Flash sale : 48h de promotions exceptionnelles !,897,448,186
2022-08-22,LinkedIn,"Commandez avant midi, livraison le lendemain !",3017,124,180
2023-10-23,Facebook,Nouvelle collection disponible ! -20% ce weekend.,4479,42,129
2022-10-12,Instagram,Paiement en 3 fois sans frais sur nos smartphones.,4337,208,178
2023-09-16,Twitter,Rejoignez notre programme fidelite.,3412,49,195
2022-04-15,Twitter,Livraison gratuite sur toutes les commandes > 50 EUR.,412,86,37
2022-07-05,Facebook,"Commandez avant midi, livraison le lendemain !",1377,102,195
2022-07-05,Instagram,Paiement en 3 fois sans frais sur nos smartphones.,2708,195,17
2022-08-23,Twitter,Paiement en 3 fois sans frais sur nos smartphones.,420,112,218
2022-10-01,Twitter,Flash sale : 48h de promotions exceptionnelles !,2995,491,211
2022-07-09,TikTok,Nouvelle collection disponible ! -20% ce weekend.,3211,483,41
2023-06-09,LinkedIn,Paiement en 3 fois sans frais sur nos smartphones.,1535,364,6
2024-06-25,Twitter,Rejoignez notre programme fidelite.,787,346,234
2022-02-10,TikTok,Paiement en 3 fois sans frais sur nos smartphones.,3834,106,173
2022-07-31,Instagram,Paiement en 3 fois sans frais sur nos smartphones.,2900,118,85
2022-03-21,Facebook,Paiement en 3 fois sans frais sur nos smartphones.,628,211,150
2022-04-21,TikTok,Rejoignez notre programme fidelite.,3231,272,75
2023-06-04,TikTok,Paiement en 3 fois sans frais sur nos smartphones.,1862,136,181
2024-06-04,Instagram,Flash sale : 48h de promotions exceptionnelles !,1408,6,160
2022-07-29,LinkedIn,"Commandez avant midi, livraison le lendemain !",3091,309,103
2023-06-27,Instagram,Flash sale : 48h de promotions exceptionnelles !,2025,5,260
2022-06-09,TikTok,Rejoignez notre programme fidelite.,3423,192,86
2024-05-04,Twitter,Flash sale : 48h de promotions exceptionnelles !,4993,342,93
2023-03-13,Facebook,Rejoignez notre programme fidelite.,3554,429,23
2022-12-17,Facebook,Nouvelle collection disponible ! -20% ce weekend.,2051,83,211
2022-12-07,Twitter,Nouvelle collection disponible ! -20% ce weekend.,3711,39,209
2022-08-29,Facebook,Paiement en 3 fois sans frais sur nos smartphones.,1325,296,176
2024-03-01,TikTok,Flash sale : 48h de promotions exceptionnelles !,4090,204,128
2023-07-06,Facebook,Flash sale : 48h de promotions exceptionnelles !,392,22,292
2022-05-12,Instagram,Rejoignez notre programme fidelite.,1300,491,25
2022-07-12,Facebook,Rejoignez notre programme fidelite.,1493,191,18
2023-05-31,LinkedIn,Rejoignez notre programme fidelite.,392,233,145
2022-07-18,TikTok,Livraison gratuite sur toutes les commandes > 50 EUR.,1701,194,19
2024-05-08,LinkedIn,Rejoignez notre programme fidelite.,778,234,106
2024-04-27,Twitter,Paiement en 3 fois sans frais sur nos smartphones.,2004,165,15
2022-12-08,Facebook,Flash sale : 48h de promotions exceptionnelles !,4171,444,139
2023-06-21,TikTok,Nouvelle collection disponible ! -20% ce weekend.,3265,126,172
2022-06-13,TikTok,Paiement en 3 fois sans frais sur nos smartphones.,4906,485,220
2024-02-29,Twitter,Livraison gratuite sur toutes les commandes > 50 EUR.,3830,176,208
2024-04-12,Twitter,Flash sale : 48h de promotions exceptionnelles !,3372,89,78
2024-06-25,Instagram,Nouvelle collection disponible ! -20% ce weekend.,2420,32,81
2024-04-08,Twitter,Nouvelle collection disponible ! -20% ce weekend.,1137,172,108
2024-01-09,Facebook,Paiement en 3 fois sans frais sur nos smartphones.,2760,450,175
2022-09-05,Twitter,Paiement en 3 fois sans frais sur nos smartphones.,849,158,16
2024-03-03,Twitter,Flash sale : 48h de promotions exceptionnelles !,408,107,179
2023-08-15,LinkedIn,Livraison gratuite sur toutes les commandes > 50 EUR.,769,43,273
2022-01-17,Instagram,"Commandez avant midi, livraison le lendemain !",3367,450,108
2023-10-21,TikTok,Rejoignez notre programme fidelite.,2773,269,109
2023-09-13,TikTok,Flash sale : 48h de promotions exceptionnelles !,1503,186,146
2024-06-02,Facebook,Flash sale : 48h de promotions exceptionnelles !,3025,176,223
2024-05-07,Facebook,Rejoignez notre programme fidelite.,477,28,136
2023-05-27,TikTok,"Commandez avant midi, livraison le lendemain !",3426,411,218
2024-06-14,LinkedIn,Flash sale : 48h de promotions exceptionnelles !,3345,80,20
2023-12-15,TikTok,Rejoignez notre programme fidelite.,4986,191,267
2024-01-12,TikTok,Rejoignez notre programme fidelite.,2858,476,210
2022-11-17,LinkedIn,Livraison gratuite sur toutes les commandes > 50 EUR.,3923,248,235
2024-04-03,Instagram,Rejoignez notre programme fidelite.,3220,183,264
2023-01-28,TikTok,"Commandez avant midi, livraison le lendemain !",911,440,29
2022-12-07,Instagram,Paiement en 3 fois sans frais sur nos smartphones.,3359,461,157
2023-12-07,Instagram,Paiement en 3 fois sans frais sur nos smartphones.,1994,206,280
2024-06-10,Facebook,"Commandez avant midi, livraison le lendemain !",1196,239,119
2023-06-21,Instagram,Flash sale : 48h de promotions exceptionnelles !,2954,167,32
2022-03-13,Facebook,Rejoignez notre programme fidelite.,1381,62,107
2022-07-06,Instagram,Rejoignez notre programme fidelite.,905,73,173
2022-07-17,Instagram,"Commandez avant midi, livraison le lendemain !",955,67,151
2022-04-27,Twitter,Rejoignez notre programme fidelite.,1697,297,173
2023-03-06,LinkedIn,"Commandez avant midi, livraison le lendemain !",313,71,167
2024-06-15,Instagram,Livraison gratuite sur toutes les commandes > 50 EUR.,1728,469,129
2022-07-05,Facebook,"Commandez avant midi, livraison le lendemain !",3669,483,262
2022-11-01,TikTok,Rejoignez notre programme fidelite.,4311,292,263
2023-05-30,LinkedIn,Nouvelle collection disponible ! -20% ce weekend.,874,418,96
2022-02-21,Twitter,Livraison gratuite sur toutes les commandes > 50 EUR.,703,104,71
2022-04-27,Twitter,Rejoignez notre programme fidelite.,4360,119,245
2023-10-11,LinkedIn,Nouvelle collection disponible ! -20% ce weekend.,3042,225,194
2022-02-14,Facebook,Rejoignez notre programme fidelite.,4125,12,167
2022-07-06,Facebook,Nouvelle collection disponible ! -20% ce weekend.,1612,98,237
2022-06-11,Twitter,Paiement en 3 fois sans frais sur nos smartphones.,1498,444,79
2023-08-20,Instagram,Livraison gratuite sur toutes les commandes > 50 EUR.,304,231,223
2024-06-05,Instagram,Rejoignez notre programme fidelite.,2412,34,260
2022-03-12,Facebook,Flash sale : 48h de promotions exceptionnelles !,307,471,101
2022-11-22,Instagram,Livraison gratuite sur toutes les commandes > 50 EUR.,3633,455,238
2024-02-09,LinkedIn,Paiement en 3 fois sans frais sur nos smartphones.,109,288,85
2022-11-05,Twitter,Livraison gratuite sur toutes les commandes > 50 EUR.,4128,362,48
2023-04-06,Twitter,Livraison gratuite sur toutes les commandes > 50 EUR.,3559,64,173
2024-06-22,Instagram,Nouvelle collection disponible ! -20% ce weekend.,853,142,17
2024-06-03,Instagram,Livraison gratuite sur toutes les commandes > 50 EUR.,3113,135,286
2023-12-04,Twitter,Paiement en 3 fois sans frais sur nos smartphones.,2090,470,116
2024-04-08,Instagram,Paiement en 3 fois sans frais sur nos smartphones.,4598,138,126
2022-09-28,Twitter,Nouvelle collection disponible ! -20% ce weekend.,3874,379,225
2023-12-04,LinkedIn,Flash sale : 48h de promotions exceptionnelles !,3799,478,24
2023-03-28,Facebook,Rejoignez notre programme fidelite.,2892,293,60
2022-10-15,Instagram,Paiement en 3 fois sans frais sur nos smartphones.,1205,205,180
2022-02-28,TikTok,Livraison gratuite sur toutes les commandes > 50 EUR.,2646,57,143
2022-07-02,Twitter,"Commandez avant midi, livraison le lendemain !",4381,468,221
2022-04-24,Instagram,Livraison gratuite sur toutes les commandes > 50 EUR.,4216,382,126
2023-08-24,LinkedIn,Rejoignez notre programme fidelite.,2701,322,275
2022-05-14,Facebook,Livraison gratuite sur toutes les commandes > 50 EUR.,2941,294,84
2022-07-20,Facebook,"Commandez avant midi, livraison le lendemain !",4815,323,185
2024-02-18,TikTok,Paiement en 3 fois sans frais sur nos smartphones.,2218,87,102
2023-12-16,TikTok,Rejoignez notre programme fidelite.,1857,487,43
2022-02-10,TikTok,Nouvelle collection disponible ! -20% ce weekend.,3961,362,110
2022-07-28,Facebook,"Commandez avant midi, livraison le lendemain !",2786,112,47
2022-05-16,TikTok,Rejoignez notre programme fidelite.,4457,396,108
2023-01-10,Facebook,Nouvelle collection disponible ! -20% ce weekend.,1677,310,262
2024-03-25,Facebook,Flash sale : 48h de promotions exceptionnelles !,3219,272,202
2023-12-30,LinkedIn,Rejoignez notre programme fidelite.,3289,232,268
2024-04-07,LinkedIn,Nouvelle collection disponible ! -20% ce weekend.,4858,70,7
2024-03-26,TikTok,Paiement en 3 fois sans frais sur nos smartphones.,3943,55,147
2023-05-25,LinkedIn,Flash sale : 48h de promotions exceptionnelles !,2968,159,105
2023-05-07,Instagram,Paiement en 3 fois sans frais sur nos smartphones.,4547,312,35
2022-09-21,Instagram,Nouvelle collection disponible ! -20% ce weekend.,385,466,226
2022-12-13,Facebook,"Commandez avant midi, livraison le lendemain !",4793,266,283
2024-01-18,LinkedIn,Flash sale : 48h de promotions exceptionnelles !,3236,98,297
2023-05-19,Instagram,Nouvelle collection disponible ! -20% ce weekend.,4511,272,99
2023-11-19,Twitter,Livraison gratuite sur toutes les commandes > 50 EUR.,4348,244,190
2023-06-18,Facebook,Livraison gratuite sur toutes les commandes > 50 EUR.,927,284,224
2022-01-17,TikTok,"Commandez avant midi, livraison le lendemain !",4968,457,47
2023-03-01,TikTok,Flash sale : 48h de promotions exceptionnelles !,4924,438,286
2023-05-05,Twitter,Rejoignez notre programme fidelite.,3985,242,171
2023-09-01,Instagram,"Commandez avant midi, livraison le lendemain !",3681,231,198
2023-11-25,LinkedIn,Nouvelle collection disponible ! -20% ce weekend.,4714,81,106
2023-03-14,TikTok,Livraison gratuite sur toutes les commandes > 50 EUR.,4295,205,251
2022-10-05,Twitter,Flash sale : 48h de promotions exceptionnelles !,2818,471,119
2022-10-18,TikTok,Livraison gratuite sur toutes les commandes > 50 EUR.,4156,359,203
2024-04-02,Twitter,Livraison gratuite sur toutes les commandes > 50 EUR.,791,195,207
2023-02-13,LinkedIn,Livraison gratuite sur toutes les commandes > 50 EUR.,2590,472,106
2022-11-30,TikTok,Rejoignez notre programme fidelite.,174,272,50
2022-12-10,LinkedIn,"Commandez avant midi, livraison le lendemain !",4801,426,207
2023-01-01,LinkedIn,"Commandez avant midi, livraison le lendemain !",3174,330,172
2023-01-17,Twitter,Paiement en 3 fois sans frais sur nos smartphones.,647,346,124
2023-09-24,LinkedIn,Livraison gratuite sur toutes les commandes > 50 EUR.,1138,46,182
2023-07-17,Facebook,Flash sale : 48h de promotions exceptionnelles !,463,222,127
2022-04-09,Twitter,Nouvelle collection disponible ! -20% ce weekend.,1585,153,68
2023-06-17,Twitter,Flash sale : 48h de promotions exceptionnelles !,2951,466,46
2023-06-24,Twitter,"Commandez avant midi, livraison le lendemain !",1488,239,205
2023-01-21,Instagram,Paiement en 3 fois sans frais sur nos smartphones.,2843,197,284
2024-04-26,Instagram,Paiement en 3 fois sans frais sur nos smartphones.,2777,9,159
2022-03-03,Facebook,Rejoignez notre programme fidelite.,74,247,208
2022-10-02,LinkedIn,"Commandez avant midi, livraison le lendemain !",3099,444,297
2022-06-02,TikTok,Livraison gratuite sur toutes les commandes > 50 EUR.,2955,348,205
2023-06-26,Facebook,Flash sale : 48h de promotions exceptionnelles !,794,408,68
2022-10-08,Instagram,Nouvelle collection disponible ! -20% ce weekend.,2721,419,281
2023-12-16,Twitter,Paiement en 3 fois sans frais sur nos smartphones.,4112,472,71
2022-10-04,TikTok,Paiement en 3 fois sans frais sur nos smartphones.,1216,195,176
2022-11-19,TikTok,Rejoignez notre programme fidelite.,2655,49,139
2022-03-29,Instagram,Livraison gratuite sur toutes les commandes > 50 EUR.,3137,303,13
2022-02-17,LinkedIn,Rejoignez notre programme fidelite.,4382,254,31
2022-07-08,Instagram,Paiement en 3 fois sans frais sur nos smartphones.,4662,171,212
2022-08-28,TikTok,Nouvelle collection disponible ! -20% ce weekend.,3363,211,123
2023-02-12,Facebook,Flash sale : 48h de promotions exceptionnelles !,3917,473,250
2024-06-11,LinkedIn,Livraison gratuite sur toutes les commandes > 50 EUR.,3275,134,272
2023-08-27,Instagram,Flash sale : 48h de promotions exceptionnelles !,1510,350,144
2023-07-16,TikTok,"Commandez avant midi, livraison le lendemain !",2218,252,99
2024-02-13,Twitter,Nouvelle collection disponible ! -20% ce weekend.,973,70,268
2024-06-04,Instagram,Flash sale : 48h de promotions exceptionnelles !,2756,412,259
2022-02-18,Facebook,Nouvelle collection disponible ! -20% ce weekend.,2951,135,99
2023-07-18,LinkedIn,Nouvelle collection disponible ! -20% ce weekend.,2399,286,75
2023-07-17,LinkedIn,Paiement en 3 fois sans frais sur nos smartphones.,733,69,277
2024-04-15,Twitter,Livraison gratuite sur toutes les commandes > 50 EUR.,2808,371,69
2024-04-01,Twitter,Paiement en 3 fois sans frais sur nos smartphones.,2064,151,6
2023-03-05,Instagram,"Commandez avant midi, livraison le lendemain !",3740,355,43
2022-02-15,Twitter,Rejoignez notre programme fidelite.,4786,365,171
2022-05-15,TikTok,Livraison gratuite sur toutes les commandes > 50 EUR.,2394,95,86
2023-09-15,Facebook,Livraison gratuite sur toutes les commandes > 50 EUR.,2137,436,107
2023-07-28,Facebook,Nouvelle collection disponible ! -20% ce weekend.,2724,436,76
2023-04-14,Facebook,Paiement en 3 fois sans frais sur nos smartphones.,4956,273,11
2023-05-08,Twitter,Rejoignez notre programme fidelite.,1407,32,13
2022-01-30,TikTok,"Commandez avant midi, livraison le lendemain !",2340,67,81
2024-04-02,Instagram,"Commandez avant midi, livraison le lendemain !",171,322,22
2023-05-20,LinkedIn,"Commandez avant midi, livraison le lendemain !",258,192,154
2024-06-08,TikTok,Paiement en 3 fois sans frais sur nos smartphones.,903,54,249
2023-04-09,TikTok,Nouvelle collection disponible ! -20% ce weekend.,383,182,93
2023-01-23,Facebook,"Commandez avant midi, livraison le lendemain !",1096,117,83
2023-07-07,Facebook,Livraison gratuite sur toutes les commandes > 50 EUR.,280,444,9
2022-02-15,TikTok,Flash sale : 48h de promotions exceptionnelles !,3672,298,136
2022-01-22,TikTok,"Commandez avant midi, livraison le lendemain !",3009,284,191
2023-12-09,Facebook,Paiement en 3 fois sans frais sur nos smartphones.,3902,76,96
2022-11-22,LinkedIn,Paiement en 3 fois sans frais sur nos smartphones.,3828,359,11
2024-05-03,TikTok,"Commandez avant midi, livraison le lendemain !",387,319,96
2022-11-14,Facebook,Paiement en 3 fois sans frais sur nos smartphones.,3130,42,276
2022-05-25,TikTok,"Commandez avant midi, livraison le lendemain !",882,192,231
2022-10-06,Twitter,"Commandez avant midi, livraison le lendemain !",2444,441,211
2023-12-29,TikTok,"Commandez avant midi, livraison le lendemain !",3474,144,260
2023-04-27,Instagram,Livraison gratuite sur toutes les commandes > 50 EUR.,3308,318,96
2023-12-19,Facebook,Nouvelle collection disponible ! -20% ce weekend.,1949,59,66
2022-05-01,Instagram,Rejoignez notre programme fidelite.,2262,229,53
2022-05-17,TikTok,Livraison gratuite sur toutes les commandes > 50 EUR.,4500,459,100
2023-07-24,Instagram,Rejoignez notre programme fidelite.,3226,42,274
2022-02-01,Facebook,Livraison gratuite sur toutes les commandes > 50 EUR.,226,161,271
2022-08-01,Instagram,Flash sale : 48h de promotions exceptionnelles !,1873,242,252
2024-04-03,Facebook,Paiement en 3 fois sans frais sur nos smartphones.,2056,461,37
2023-08-11,Facebook,Rejoignez notre programme fidelite.,252,444,72
2024-06-01,LinkedIn,Livraison gratuite sur toutes les commandes > 50 EUR.,4915,413,278
2024-04-29,LinkedIn,"Commandez avant midi, livraison le lendemain !",3922,348,290
2022-11-22,TikTok,Livraison gratuite sur toutes les commandes > 50 EUR.,4638,305,178
2024-06-02,Twitter,Paiement en 3 fois sans frais sur nos smartphones.,933,291,110
2022-09-16,Instagram,Rejoignez notre programme fidelite.,2022,66,297
2022-06-12,Facebook,Rejoignez notre programme fidelite.,4379,436,137
2023-07-06,Facebook,Livraison gratuite sur toutes les commandes > 50 EUR.,271,264,189
2023-11-22,Instagram,Paiement en 3 fois sans frais sur nos smartphones.,3991,347,56
2023-09-14,Twitter,Paiement en 3 fois sans frais sur nos smartphones.,4356,142,226
2023-06-24,LinkedIn,Flash sale : 48h de promotions exceptionnelles !,3951,445,246
2024-06-10,TikTok,Livraison gratuite sur toutes les commandes > 50 EUR.,895,243,23
2022-04-26,Facebook,"Commandez avant midi, livraison le lendemain !",663,258,155
2023-09-15,Facebook,Paiement en 3 fois sans frais sur nos smartphones.,2262,46,241
2024-05-30,Instagram,Rejoignez notre programme fidelite.,1938,234,240
2022-03-08,TikTok,Flash sale : 48h de promotions exceptionnelles !,4254,330,54
2023-08-08,LinkedIn,Livraison gratuite sur toutes les commandes > 50 EUR.,2085,451,62
2023-07-08,Facebook,Rejoignez notre programme fidelite.,3150,487,240
2022-03-15,TikTok,Flash sale : 48h de promotions exceptionnelles !,2427,364,145
2023-07-26,Instagram,Livraison gratuite sur toutes les commandes > 50 EUR.,701,422,69
2023-08-14,Facebook,Flash sale : 48h de promotions exceptionnelles !,44,381,236
2023-10-04,TikTok,"Commandez avant midi, livraison le lendemain !",2511,258,250
2023-08-06,LinkedIn,Rejoignez notre programme fidelite.,1013,419,286
2024-05-17,Instagram,Rejoignez notre programme fidelite.,3661,306,243
2023-11-01,LinkedIn,Rejoignez notre programme fidelite.,818,73,105
2024-01-23,TikTok,Livraison gratuite sur toutes les commandes > 50 EUR.,4970,212,7
2024-03-27,LinkedIn,Rejoignez notre programme fidelite.,3549,395,40
2022-10-22,Facebook,Rejoignez notre programme fidelite.,1685,65,251
2023-03-03,TikTok,Nouvelle collection disponible ! -20% ce weekend.,1033,235,242
2024-01-05,TikTok,"Commandez avant midi, livraison le lendemain !",73,189,27
2023-07-25,Instagram,Rejoignez notre programme fidelite.,287,459,157
2023-09-27,LinkedIn,"Commandez avant midi, livraison le lendemain !",337,83,45
2024-05-13,LinkedIn,"Commandez avant midi, livraison le lendemain !",3512,61,289
2022-07-13,Instagram,Paiement en 3 fois sans frais sur nos smartphones.,3702,30,138
2022-08-24,Twitter,Paiement en 3 fois sans frais sur nos smartphones.,2853,384,125
2022-05-22,Instagram,Paiement en 3 fois sans frais sur nos smartphones.,1626,437,137
2023-10-12,Facebook,"Commandez avant midi, livraison le lendemain !",1942,106,40
2022-12-23,TikTok,Rejoignez notre programme fidelite.,4848,432,5
2022-05-31,Twitter,Paiement en 3 fois sans frais sur nos smartphones.,4855,183,219
2024-01-26,Instagram,Nouvelle collection disponible ! -20% ce weekend.,4701,412,78
2022-10-12,Facebook,Paiement en 3 fois sans frais sur nos smartphones.,2211,287,197
2023-01-13,Twitter,Paiement en 3 fois sans frais sur nos smartphones.,3825,36,29
2023-08-28,TikTok,Rejoignez notre programme fidelite.,3275,24,214
2022-05-05,Twitter,Paiement en 3 fois sans frais sur nos smartphones.,4281,80,106
2022-03-11,Facebook,Nouvelle collection disponible ! -20% ce weekend.,1721,272,259
2022-10-31,LinkedIn,Livraison gratuite sur toutes les commandes > 50 EUR.,3972,26,42
2022-05-15,Facebook,Livraison gratuite sur toutes les commandes > 50 EUR.,4919,147,103
2023-05-06,Instagram,Nouvelle collection disponible ! -20% ce weekend.,325,340,195
2024-02-26,LinkedIn,Flash sale : 48h de promotions exceptionnelles !,3502,342,62
2022-06-29,LinkedIn,Flash sale : 48h de promotions exceptionnelles !,1822,424,108
2022-06-21,Twitter,Nouvelle collection disponible ! -20% ce weekend.,3913,251,76
2023-07-15,TikTok,Nouvelle collection disponible ! -20% ce weekend.,3708,387,77
2022-04-27,LinkedIn,"Commandez avant midi, livraison le lendemain !",3615,97,40
2024-03-24,LinkedIn,Rejoignez notre programme fidelite.,940,174,59
2022-10-06,TikTok,Paiement en 3 fois sans frais sur nos smartphones.,346,66,76
2022-04-22,Facebook,Paiement en 3 fois sans frais sur nos smartphones.,2532,294,85
2022-02-04,TikTok,Flash sale : 48h de promotions exceptionnelles !,2010,215,279
2023-06-21,Facebook,"Commandez avant midi, livraison le lendemain !",4773,11,30
2023-03-13,Twitter,Nouvelle collection disponible ! -20% ce weekend.,2620,165,63
2023-06-18,TikTok,Rejoignez notre programme fidelite.,1109,20,198
2022-10-03,Twitter,"Commandez avant midi, livraison le lendemain !",3755,398,32
2022-04-07,Instagram,Rejoignez notre programme fidelite.,4684,305,161
2022-04-13,Facebook,Livraison gratuite sur toutes les commandes > 50 EUR.,4711,70,166
2023-04-27,Twitter,Paiement en 3 fois sans frais sur nos smartphones.,3993,42,108
2022-12-01,Instagram,"Commandez avant midi, livraison le lendemain !",4541,379,19
2022-09-19,Instagram,Paiement en 3 fois sans frais sur nos smartphones.,2711,287,194
2022-09-14,LinkedIn,Flash sale : 48h de promotions exceptionnelles !,101,14,83
2024-01-17,LinkedIn,"Commandez avant midi, livraison le lendemain !",2501,291,251
2024-02-04,LinkedIn,"Commandez avant midi, livraison le lendemain !",4289,483,180
2023-04-07,TikTok,Flash sale : 48h de promotions exceptionnelles !,954,340,273
2022-07-08,Instagram,Paiement en 3 fois sans frais sur nos smartphones.,1138,114,87
2022-04-24,Instagram,Flash sale : 48h de promotions exceptionnelles !,4050,431,19
2022-12-07,LinkedIn,Livraison gratuite sur toutes les commandes > 50 EUR.,2281,126,6
2022-05-17,Instagram,Flash sale : 48h de promotions exceptionnelles !,685,368,105
2022-05-30,LinkedIn,Flash sale : 48h de promotions exceptionnelles !,114,440,198
2023-06-07,Facebook,Rejoignez notre programme fidelite.,626,304,280
2024-02-11,LinkedIn,Rejoignez notre programme fidelite.,4313,381,297
2022-09-20,TikTok,Nouvelle collection disponible ! -20% ce weekend.,1279,24,131
2022-07-15,Facebook,Rejoignez notre programme fidelite.,2297,0,105
2024-06-02,TikTok,Nouvelle collection disponible ! -20% ce weekend.,4521,377,259
2024-04-06,TikTok,"Commandez avant midi, livraison le lendemain !",587,429,51
2022-01-05,TikTok,Flash sale : 48h de promotions exceptionnelles !,4707,219,103
2023-01-10,LinkedIn,"Commandez avant midi, livraison le lendemain !",3243,96,11
2024-02-12,Instagram,Paiement en 3 fois sans frais sur nos smartphones.,2852,91,61
2023-06-21,Facebook,Livraison gratuite sur toutes les commandes > 50 EUR.,1559,410,206
2023-11-24,TikTok,Flash sale : 48h de promotions exceptionnelles !,3661,173,24
2022-02-04,Facebook,Paiement en 3 fois sans frais sur nos smartphones.,205,256,188
2022-06-09,Facebook,"Commandez avant midi, livraison le lendemain !",3991,418,128
2022-09-30,Facebook,Livraison gratuite sur toutes les commandes > 50 EUR.,1177,410,300
2024-01-15,TikTok,Flash sale : 48h de promotions exceptionnelles !,3795,333,109
2022-03-07,TikTok,"Commandez avant midi, livraison le lendemain !",2265,221,180
2024-04-12,LinkedIn,Paiement en 3 fois sans frais sur nos smartphones.,50,160,278
2022-08-26,TikTok,"Commandez avant midi, livraison le lendemain !",4692,72,218
2022-08-02,LinkedIn,Paiement en 3 fois sans frais sur nos smartphones.,4480,430,160
2023-04-15,LinkedIn,Rejoignez notre programme fidelite.,4918,164,240
2022-11-23,Instagram,Paiement en 3 fois sans frais sur nos smartphones.,4834,1,14
2022-04-21,LinkedIn,Nouvelle collection disponible ! -20% ce weekend.,469,326,55
2022-04-01,Facebook,Nouvelle collection disponible ! -20% ce weekend.,3595,356,51
2022-05-11,LinkedIn,Livraison gratuite sur toutes les commandes > 50 EUR.,1565,264,216
2023-06-14,Instagram,Flash sale : 48h de promotions exceptionnelles !,1080,37,48
2023-06-21,Instagram,Rejoignez notre programme fidelite.,1059,457,191
2024-05-27,Instagram,Rejoignez notre programme fidelite.,2333,428,250
2022-03-30,TikTok,Flash sale : 48h de promotions exceptionnelles !,2962,31,240
2023-07-31,LinkedIn,Flash sale : 48h de promotions exceptionnelles !,311,84,252
2023-09-19,Instagram,Paiement en 3 fois sans frais sur nos smartphones.,1566,325,161
2022-02-18,Facebook,"Commandez avant midi, livraison le lendemain !",3751,80,19
2022-03-04,Facebook,"Commandez avant midi, livraison le lendemain !",4604,401,138
2022-05-25,LinkedIn,"Commandez avant midi, livraison le lendemain !",1868,374,166
2023-10-04,TikTok,"Commandez avant midi, livraison le lendemain !",4265,266,68
2022-01-21,TikTok,Nouvelle collection disponible ! -20% ce weekend.,4639,446,65
2022-02-02,LinkedIn,Nouvelle collection disponible ! -20% ce weekend.,4075,464,216
2023-01-23,Twitter,"Commandez avant midi, livraison le lendemain !",3025,40,15
2023-02-12,Facebook,Paiement en 3 fois sans frais sur nos smartphones.,4794,368,125
2022-07-20,TikTok,Rejoignez notre programme fidelite.,3031,455,297
2024-01-12,Facebook,Rejoignez notre programme fidelite.,436,228,102
2022-04-27,TikTok,Livraison gratuite sur toutes les commandes > 50 EUR.,1547,223,167
2023-01-12,TikTok,"Commandez avant midi, livraison le lendemain !",3811,237,131
2023-11-29,LinkedIn,Livraison gratuite sur toutes les commandes > 50 EUR.,1136,469,107
2023-05-05,LinkedIn,Livraison gratuite sur toutes les commandes > 50 EUR.,3790,119,173
2023-05-22,LinkedIn,Nouvelle collection disponible ! -20% ce weekend.,4516,237,9
2023-06-12,Facebook,Nouvelle collection disponible ! -20% ce weekend.,3183,476,126
2023-12-23,Twitter,Paiement en 3 fois sans frais sur nos smartphones.,2451,40,260
2024-04-03,Instagram,Rejoignez notre programme fidelite.,4244,375,81
2023-03-26,Twitter,Paiement en 3 fois sans frais sur nos smartphones.,1788,27,146
2022-11-26,Facebook,Livraison gratuite sur toutes les commandes > 50 EUR.,3067,252,244
2022-04-11,Instagram,"Commandez avant midi, livraison le lendemain !",3273,427,111
2022-12-08,LinkedIn,Livraison gratuite sur toutes les commandes > 50 EUR.,15,120,121
2023-05-08,Facebook,Rejoignez notre programme fidelite.,682,108,165
2023-06-14,Instagram,"Commandez avant midi, livraison le lendemain !",4031,426,152
2022-01-31,TikTok,"Commandez avant midi, livraison le lendemain !",3065,50,199
2022-10-26,Instagram,Livraison gratuite sur toutes les commandes > 50 EUR.,1562,222,111
2023-11-26,Facebook,Flash sale : 48h de promotions exceptionnelles !,1783,482,38
2023-12-31,LinkedIn,Nouvelle collection disponible ! -20% ce weekend.,1622,406,291
