employe_id,prenom,nom,email,genre,date_naissance,ville,departement_id,poste,niveau_etude,type_contrat,date_embauche,salaire_base,statut,date_depart,motif_depart
EMP0001,Awa,Toure,awa.toure1@telcomci.ci,F,2005-06-04,Bouake,DEP01,Directeur General,Bac+3,CDI,2021-07-23,4886000,Actif,,
EMP0002,Awa,Camara,awa.camara2@telcomci.ci,F,1996-10-20,Abidjan,DEP01,Directeur Adjoint,Bac+3,CDI,2018-04-22,3338000,Actif,,
EMP0003,Moussa,Sow,moussa.sow3@telcomci.ci,M,1977-07-20,Abidjan,DEP01,Assistante Direction,Bac+2,CDI,2022-11-30,934000,Actif,,
EMP0004,Laure,Bamba,laure.bamba4@telcomci.ci,F,2005-05-17,Abidjan,DEP01,Assistante Direction,Bac+4,CDI,2018-02-28,950000,Actif,,
EMP0005,Kouassi,Kouassi,kouassi.kouassi5@telcomci.ci,M,1981-03-02,Abidjan,DEP01,Assistante Direction,Bac,CDI,2019-11-15,897000,Actif,,
EMP0006,Yao,Traore,yao.traore6@telcomci.ci,M,1993-07-03,Abidjan,DEP02,Directeur Commercial,Bac+3,CDI,2017-11-26,2774000,Actif,,
EMP0007,Eric,Kouassi,eric.kouassi7@telcomci.ci,M,2001-10-10,Abidjan,DEP02,Manager Commercial,Bac+3,CDI,2020-01-13,1766000,Actif,,
EMP0008,Marie,Traore,marie.traore8@telcomci.ci,F,2010-11-25,Abidjan,DEP02,Manager Commercial,Bac+5,CDI,2017-10-14,1965000,Actif,,
EMP0009,Jean,Diallo,jean.diallo9@telcomci.ci,M,1982-12-28,Bouake,DEP02,Manager Commercial,Bac+3,CDI,2022-06-04,1534000,Actif,,
EMP0010,Aida,Diallo,aida.diallo10@telcomci.ci,F,1976-06-28,Abidjan,DEP02,Manager Commercial,Bac+5,CDI,2021-04-15,1778000,Actif,,
EMP0011,Sophie,Traore,sophie.traore11@telcomci.ci,F,1993-10-31,Abidjan,DEP02,Manager Commercial,Bac+3,CDI,2020-10-31,-50000,Actif,,
EMP0012,Kofi,Bamba,kofi.bamba12@telcomci.ci,M,2014-04-13,Abidjan,DEP02,Manager Commercial,Bac+4,CDI,2019-12-08,1694000,Inactif,2021-10-13,Retraite
EMP0013,Aminata,Sow,aminata.sow13@telcomci.ci,F,1984-05-08,Korhogo,DEP02,Commercial Senior,Bac+4,CDI,2015-04-23,1041000,Actif,,
EMP0014,Adama,Diallo,adama.diallo14@telcomci.ci,M,1991-05-11,Abidjan,DEP02,Commercial Senior,Bac+4,CDD,2020-11-25,1302000,Actif,,
EMP0015,Yao,Diallo,yao.diallo15@telcomci.ci,M,1975-11-28,Abidjan,DEP02,Commercial Senior,Bac+3,CDI,2017-12-24,1052000,Actif,,
EMP0016,Adama,Bamba,adama.bamba16@telcomci.ci,M,1994-10-24,Abidjan,DEP02,Commercial Senior,Bac+5,CDI,2016-06-09,1075000,Actif,,
EMP0017,Thierry,Ouattara,thierry.ouattara17@telcomci.ci,M,1979-09-19,Abidjan,DEP02,Commercial Senior,Bac,CDI,2021-02-04,1150000,Inactif,2023-04-26,Fin CDD
EMP0018,Sophie,Ouattara,sophie.ouattara18@telcomci.ci,F,1985-07-14,Bouake,DEP02,Commercial Senior,Bac+4,CDI,2023-02-06,1116000,Actif,,
EMP0019,Moussa,Diallo,moussa.diallo19@telcomci.ci,M,1985-11-18,Abidjan,DEP02,Commercial Senior,Bac+3,CDI,2021-07-27,1055000,Actif,,
EMP0020,Kouassi,Cisse,kouassi.cisse20@telcomci.ci,M,1993-07-07,Daloa,DEP02,Commercial Senior,Bac+5,CDI,2016-10-20,1229000,Actif,,
EMP0021,Marie,Bamba,marie.bamba21@telcomci.ci,F,1992-04-09,Abidjan,DEP02,Commercial Senior,Bac+3,CDI,2020-11-29,1246000,Actif,,
EMP0022,Jean,Toure,jean.toure22@telcomci.ci,M,1982-07-11,Abidjan,DEP02,Commercial Senior,Bac+3,CDI,2015-10-02,1035000,Actif,,
EMP0023,Jean,Camara,jean.camara23@telcomci.ci,M,1998-06-28,San Pedro,DEP02,Commercial Senior,Bac+3,CDI,2016-07-24,1081000,Actif,,
EMP0024,Eric,Sow,eric.sow24@telcomci.ci,M,1991-09-19,Abidjan,DEP02,Commercial Senior,Bac+3,CDI,2018-02-03,1028000,Actif,,
EMP0025,Thierry,Traore,thierry.traore25@telcomci.ci,M,1994-06-15,Abidjan,DEP02,Commercial Senior,Bac+3,CDI,2017-06-17,1197000,Actif,,
EMP0026,Ibrahim,Traore,ibrahim.traore26@telcomci.ci,M,2008-12-19,Abidjan,DEP02,Commercial Senior,Bac+4,CDI,2019-03-22,1139000,Actif,,
EMP0027,Sophie,Toure,sophie.toure27@telcomci.ci,F,2010-10-27,Abidjan,DEP02,Commercial Senior,Bac+5,CDI,2015-02-02,1070000,Actif,,
EMP0028,Thierry,Bamba,thierry.bamba28@telcomci.ci,M,2012-07-10,Bouake,DEP02,Commercial Senior,Bac+4,CDI,2020-12-28,1257000,Actif,,
EMP0029,Fatoumata,Ouattara,fatoumata.ouattara29@telcomci.ci,F,1984-03-15,Abidjan,DEP02,Commercial Senior,Bac+4,CDI,2023-09-11,1033000,Actif,,
EMP0030,Adjoua,Ndoye,adjoua.ndoye30@telcomci.ci,F,2000-05-17,Abidjan,DEP02,Commercial Senior,Bac+3,CDI,2022-05-25,1134000,Actif,,
EMP0031,Moussa,Kouassi,moussa.kouassi31@telcomci.ci,M,1992-05-23,San Pedro,DEP02,Commercial Senior,Bac,CDI,2023-11-02,1079000,Inactif,2024-05-18,Fin CDD
EMP0032,Bintou,Camara,bintou.camara32@telcomci.ci,F,1979-08-21,Abidjan,DEP02,Commercial Senior,Bac+3,CDI,2022-12-13,1341000,Actif,,
EMP0033,Clarisse,Cisse,clarisse.cisse33@telcomci.ci,F,2004-11-07,Abidjan,DEP02,Commercial Junior,Bac+4,CDI,2017-12-28,722000,Inactif,2022-05-09,Licenciement
EMP0034,Adama,Toure,adama.toure34@telcomci.ci,M,2010-08-26,Abidjan,DEP02,Commercial Junior,Bac+3,CDI,2023-05-09,665000,Actif,,
EMP0035,Thierry,Traore,thierry.traore35@telcomci.ci,M,2009-12-16,San Pedro,DEP02,Commercial Junior,Bac+2,CDI,2021-06-02,682000,Actif,,
EMP0036,Kouassi,Toure,kouassi.toure36@telcomci.ci,M,1986-03-01,Abidjan,DEP02,Commercial Junior,Bac+5,CDI,2023-08-31,670000,Inactif,2024-03-09,Fin CDD
EMP0037,Kouassi,Traore,kouassi.traore37@telcomci.ci,M,1995-03-29,Abidjan,DEP02,Commercial Junior,Bac+5,CDD,2017-08-23,794000,Actif,,
EMP0038,Aida,Bamba,aida.bamba38@telcomci.ci,F,1992-05-05,Abidjan,DEP02,Commercial Junior,Bac+3,CDD,2022-03-03,804000,Actif,,
EMP0039,Jean,Toure,jean.toure39@telcomci.ci,M,1987-01-11,Abidjan,DEP02,Commercial Junior,Bac,CDI,2023-09-04,747000,Actif,,
EMP0040,Laure,Traore,laure.traore40@telcomci.ci,F,1980-12-03,Abidjan,DEP02,Commercial Junior,Bac+2,CDI,2017-07-21,643000,Actif,,
EMP0041,Moussa,Cisse,moussa.cisse41@telcomci.ci,M,1991-10-03,Abidjan,DEP02,Commercial Junior,Bac,CDI,2021-09-04,855000,Actif,,
EMP0042,Luc,Camara,luc.camara42@telcomci.ci,M,1986-07-05,Bouake,DEP02,Commercial Junior,Bac+4,CDI,2022-03-03,814000,Inactif,2023-10-08,Demission
EMP0043,Thierry,Sow,thierry.sow43@telcomci.ci,M,1996-03-20,Bouake,DEP02,Commercial Junior,Bac+3,CDI,2017-12-24,774000,Actif,,
EMP0044,Ibrahim,Bamba,ibrahim.bamba44@telcomci.ci,M,2013-06-24,Daloa,DEP02,Commercial Junior,Bac+4,CDI,2018-09-05,733000,Actif,,
EMP0045,Ibrahim,Toure,ibrahim.toure45@telcomci.ci,M,1984-06-17,San Pedro,DEP02,Commercial Junior,Bac+5,CDD,2017-05-24,805000,Actif,,
EMP0046,Adama,Ndoye,adama.ndoye46@telcomci.ci,M,1987-09-28,Abidjan,DEP02,Commercial Junior,Bac,CDI,2015-08-05,670000,Actif,,
EMP0047,Clarisse,Ouattara,clarisse.ouattara47@telcomci.ci,F,1981-08-13,Abidjan,DEP02,Commercial Junior,Bac+5,CDI,2020-05-02,702000,Actif,,
EMP0048,Yao,Ouattara,yao.ouattara48@telcomci.ci,M,1995-08-17,Abidjan,DEP02,Commercial Junior,Bac+2,CDI,2015-03-10,677000,Inactif,2019-05-24,Retraite
EMP0049,Yao,Traore,yao.traore49@telcomci.ci,M,1995-03-03,Abidjan,DEP02,Commercial Junior,Bac+5,CDI,2023-10-11,834000,Actif,,
EMP0050,Moussa,Kouassi,moussa.kouassi50@telcomci.ci,M,2012-12-05,Abidjan,DEP02,Commercial Junior,Bac+4,CDI,2016-08-13,694000,Actif,,
EMP0051,Adama,Sow,moussa.kouassi50@telcomci.ci,M,1995-12-08,Abidjan,DEP02,Commercial Junior,Bac+5,CDI,2023-04-03,660000,Actif,,
EMP0052,Jean,Kone,jean.kone52@telcomci.ci,M,1984-08-03,San Pedro,DEP02,Commercial Junior,Bac+4,CDD,2023-03-31,827000,Actif,,
EMP0053,Fatoumata,Kouassi,fatoumata.kouassi53@telcomci.ci,F,2000-09-06,Bouake,DEP02,Commercial Junior,Bac+3,CDI,2020-08-06,813000,Actif,,
EMP0054,Adjoua,Cisse,adjoua.cisse54@telcomci.ci,F,2002-06-06,Abidjan,DEP02,Commercial Junior,Bac+5,CDI,2019-08-02,742000,Actif,,
EMP0055,Yao,Ouattara,yao.ouattara55@telcomci.ci,M,1994-02-07,Abidjan,DEP02,Commercial Junior,Bac+4,CDI,2018-11-12,731000,Actif,,
EMP0056,Jean,Camara,jean.camara56@telcomci.ci,M,1984-05-30,Abidjan,DEP02,Commercial Junior,Bac+2,CDD,2018-04-07,723000,Actif,,
EMP0057,Aida,Ouattara,aida.ouattara57@telcomci.ci,F,1994-03-23,San Pedro,DEP02,Commercial Junior,Bac+2,CDI,2022-08-13,711000,Actif,,
EMP0058,Bintou,Ndoye,bintou.ndoye58@telcomci.ci,F,1977-11-24,Abidjan,DEP02,Commercial Junior,Bac+5,CDI,2020-10-25,757000,Actif,,
EMP0059,Eric,Ndoye,eric.ndoye59@telcomci.ci,M,2002-10-10,San Pedro,DEP02,Commercial Junior,Bac+3,CDI,2020-04-29,831000,Actif,,
EMP0060,Aminata,Cisse,aminata.cisse60@telcomci.ci,F,2003-12-01,Abidjan,DEP02,Commercial Junior,Bac,Interim,2015-11-06,657000,Actif,,
EMP0061,Fatoumata,Cisse,fatoumata.cisse61@telcomci.ci,F,1998-09-24,Korhogo,DEP02,Commercial Junior,Bac,CDI,2018-08-17,814000,Actif,,
EMP0062,Adama,Bamba,adama.bamba62@telcomci.ci,M,1981-09-14,Abidjan,DEP02,Commercial Junior,Bac+5,CDI,2017-04-05,659000,Actif,,
EMP0063,Thierry,Traore,thierry.traore63@telcomci.ci,M,1993-08-17,Korhogo,DEP02,Commercial Junior,Bac+2,CDI,2019-03-30,755000,Actif,,
EMP0064,Jean,Bamba,jean.bamba64@telcomci.ci,M,2003-10-30,Abidjan,DEP02,Commercial Junior,Bac+3,CDI,2019-05-22,847000,Inactif,2023-05-18,Demission
EMP0065,Yao,Kouassi,yao.kouassi65@telcomci.ci,M,2005-12-14,Abidjan,DEP02,Commercial Junior,Bac+2,CDD,2023-03-20,789000,Actif,,
EMP0066,Luc,Kone,luc.kone66@telcomci.ci,M,1987-07-07,Abidjan,DEP02,Commercial Junior,Bac,CDI,2021-10-18,719000,Actif,,
EMP0067,Clarisse,Ndoye,clarisse.ndoye67@telcomci.ci,F,1992-07-03,Abidjan,DEP02,Commercial Junior,Bac+3,CDD,2019-12-13,724000,Actif,,
EMP0068,Adjoua,Ndoye,adjoua.ndoye68@telcomci.ci,F,2001-01-22,San Pedro,DEP02,Commercial Junior,Bac+5,CDI,2023-05-07,745000,Actif,,
EMP0069,Fatoumata,Cisse,fatoumata.cisse69@telcomci.ci,F,1979-09-26,Abidjan,DEP02,Commercial Junior,Bac+5,CDI,2018-10-11,829000,Actif,,
EMP0070,Clarisse,Cisse,clarisse.cisse70@telcomci.ci,F,2003-11-19,Bouake,DEP02,Commercial Junior,Bac+4,CDI,2020-03-30,640000,Actif,,
EMP0071,Adama,Ouattara,adama.ouattara71@telcomci.ci,M,1992-09-05,Abidjan,DEP02,Commercial Junior,Bac+2,CDI,2017-10-23,705000,Actif,,
EMP0072,Marie,Kouassi,marie.kouassi72@telcomci.ci,F,2006-02-05,Bouake,DEP02,Commercial Junior,Bac+5,CDI,2015-12-27,835000,Actif,,
EMP0073,Sophie,Kouassi,sophie.kouassi73@telcomci.ci,F,2010-11-09,Daloa,DEP02,Televendeur,Bac+5,CDI,2015-03-20,543000,Inactif,2021-06-12,Licenciement
EMP0074,Adama,Ndoye,adama.ndoye74@telcomci.ci,M,1975-08-01,Korhogo,DEP02,Televendeur,Bac+4,CDI,2017-02-23,563000,Actif,,
EMP0075,Kouassi,Ouattara,kouassi.ouattara75@telcomci.ci,M,1975-03-21,San Pedro,DEP02,Televendeur,Bac+2,Interim,2015-01-18,450000,Actif,,
EMP0076,Sophie,Sow,sophie.sow76@telcomci.ci,F,2013-09-13,Korhogo,DEP02,Televendeur,Bac+5,CDI,2017-02-15,451000,Actif,,
EMP0077,Aminata,Diallo,aminata.diallo77@telcomci.ci,F,2008-06-30,Abidjan,DEP02,Televendeur,Bac+5,CDI,2022-04-23,448000,Actif,,
EMP0078,Sophie,Bamba,sophie.bamba78@telcomci.ci,F,1992-12-09,Abidjan,DEP02,Televendeur,Bac+2,CDI,2019-07-01,540000,Actif,,
EMP0079,Moussa,Kone,moussa.kone79@telcomci.ci,M,1985-10-28,Abidjan,DEP02,Televendeur,Bac+3,CDI,2015-02-21,553000,Actif,,
EMP0080,Moussa,Ouattara,moussa.ouattara80@telcomci.ci,M,1993-05-06,Abidjan,DEP02,Televendeur,Bac+4,CDI,2015-06-27,449000,Actif,,
EMP0081,Jean,Diallo,jean.diallo81@telcomci.ci,M,1982-05-03,Abidjan,DEP02,Televendeur,Bac+2,CDI,2021-11-12,595000,Actif,,
EMP0082,Luc,Diallo,luc.diallo82@telcomci.ci,M,1996-08-20,Abidjan,DEP02,Televendeur,Bac+4,CDI,2020-09-03,465000,Actif,,
EMP0083,Awa,Kouassi,awa.kouassi83@telcomci.ci,F,2000-12-13,Abidjan,DEP02,Televendeur,Bac+3,CDI,2017-04-18,589000,Actif,,
EMP0084,Ibrahim,Cisse,ibrahim.cisse84@telcomci.ci,M,2012-11-20,Abidjan,DEP02,Televendeur,Bac+5,CDI,2018-08-08,461000,Actif,,
EMP0085,Luc,Ndoye,luc.ndoye85@telcomci.ci,M,1999-06-04,Abidjan,DEP02,Televendeur,Bac+4,CDD,2022-01-01,541000,Actif,,
EMP0086,Ibrahim,Bamba,ibrahim.bamba86@telcomci.ci,M,1994-01-29,Abidjan,DEP02,Televendeur,Bac+5,CDI,2016-12-09,491000,Inactif,2019-06-29,Retraite
EMP0087,Adama,Ouattara,adama.ouattara87@telcomci.ci,M,1997-08-13,Abidjan,DEP02,Televendeur,Bac+3,CDI,2018-02-16,552000,Actif,,
EMP0088,Aida,Toure,aida.toure88@telcomci.ci,F,1996-03-04,Abidjan,DEP02,Televendeur,Bac+3,CDI,2017-10-26,528000,Actif,,
EMP0089,Adama,Toure,adama.toure89@telcomci.ci,M,2004-06-12,Daloa,DEP02,Televendeur,Bac+3,CDI,2022-03-16,580000,Actif,,
EMP0090,Clarisse,Camara,clarisse.camara90@telcomci.ci,F,1990-05-07,Abidjan,DEP02,Televendeur,Bac+5,CDI,2019-08-22,491000,Actif,,
EMP0091,Thierry,Cisse,thierry.cisse91@telcomci.ci,M,2008-08-28,Abidjan,DEP02,Televendeur,Bac+4,CDI,2022-09-28,451000,Actif,,
EMP0092,Paul,Sow,paul.sow92@telcomci.ci,M,2003-03-25,Daloa,DEP02,Televendeur,Bac+4,CDI,2016-07-17,558000,Inactif,2020-03-21,Mutation
EMP0093,Adama,Sow,adama.sow93@telcomci.ci,M,1999-01-07,Abidjan,DEP02,Televendeur,Bac,CDI,2017-02-18,461000,Actif,,
EMP0094,Fatoumata,Toure,fatoumata.toure94@telcomci.ci,F,1980-10-04,Abidjan,DEP02,Televendeur,Bac+2,CDI,2023-11-16,491000,Actif,,
EMP0095,Marie,Diallo,marie.diallo95@telcomci.ci,F,1975-06-06,Abidjan,DEP02,Televendeur,Bac+5,CDI,2017-12-22,475000,Actif,,
EMP0096,Sophie,Kone,sophie.kone96@telcomci.ci,F,1983-01-06,Bouake,DEP02,Televendeur,Bac+2,Interim,2016-06-24,596000,Actif,,
EMP0097,Kofi,Ndoye,kofi.ndoye97@telcomci.ci,M,2005-03-11,Abidjan,DEP02,Televendeur,Bac+4,CDI,2019-06-26,503000,Inactif,2021-12-05,Mutation
EMP0098,Moussa,Ouattara,moussa.ouattara98@telcomci.ci,M,2012-08-08,Abidjan,DEP02,Televendeur,Bac+3,CDI,2019-03-09,470000,Actif,,
EMP0099,Moussa,Kone,moussa.kone99@telcomci.ci,M,1994-08-05,Abidjan,DEP02,Televendeur,Bac+5,CDI,2016-09-24,533000,Actif,,
EMP0100,Fatoumata,Cisse,fatoumata.cisse100@telcomci.ci,F,1991-04-06,Abidjan,DEP02,Televendeur,Bac+2,CDI,2017-03-04,541000,Actif,,
EMP0101,Kouassi,Toure,kouassi.toure101@telcomci.ci,M,1989-08-27,Korhogo,DEP03,Directeur Technique,Bac+2,CDI,2021-06-18,2934000,Actif,,
EMP0102,Fatoumata,Kone,fatoumata.kone102@telcomci.ci,F,1992-03-22,Korhogo,DEP03,Ingenieur Reseau Senior,Bac+4,CDI,2019-04-21,2156000,Actif,,
EMP0103,Sophie,Diallo,sophie.diallo103@telcomci.ci,F,1988-08-12,Abidjan,DEP03,Ingenieur Reseau Senior,Bac+5,CDI,2018-06-05,1949000,Actif,,
EMP0104,Awa,Toure,awa.toure104@telcomci.ci,F,1975-05-05,Abidjan,DEP03,Ingenieur Reseau Senior,Bac+4,CDI,2018-07-21,2027000,Actif,,
EMP0105,Eric,Cisse,eric.cisse105@telcomci.ci,M,2012-01-27,Abidjan,DEP03,Ingenieur Reseau Senior,Bac+3,CDI,2020-06-02,1920000,Actif,,
EMP0106,Luc,Toure,luc.toure106@telcomci.ci,M,2003-07-09,San Pedro,DEP03,Ingenieur Reseau Senior,Bac+2,CDI,2015-01-24,2069000,Actif,,
EMP0107,Adama,Kouassi,adama.kouassi107@telcomci.ci,M,2005-06-08,Abidjan,DEP03,Ingenieur Reseau Senior,Bac,CDI,2023-10-12,2186000,Actif,,
EMP0108,Laure,Ouattara,laure.ouattara108@telcomci.ci,F,2007-05-07,Abidjan,DEP03,Ingenieur Reseau Senior,Bac+3,CDI,2021-12-21,1724000,Actif,,
EMP0109,Bintou,Toure,bintou.toure109@telcomci.ci,F,2013-10-07,Bouake,DEP03,Ingenieur Reseau Senior,Bac+3,Interim,2018-09-19,2233000,Actif,,
EMP0110,Luc,Camara,luc.camara110@telcomci.ci,M,2013-07-03,Abidjan,DEP03,Ingenieur Reseau Junior,Bac+2,Interim,2021-09-07,976000,Inactif,2023-04-09,Licenciement
EMP0111,Moussa,Diallo,moussa.diallo111@telcomci.ci,M,2014-02-02,Abidjan,DEP03,Ingenieur Reseau Junior,Bac+5,CDI,2017-11-25,1071000,Actif,,
EMP0112,Fatoumata,Cisse,fatoumata.cisse112@telcomci.ci,F,1984-07-12,Abidjan,DEP03,Ingenieur Reseau Junior,Bac+5,CDI,2019-12-14,1240000,Actif,,
EMP0113,Yao,Traore,yao.traore113@telcomci.ci,M,1979-05-15,Abidjan,DEP03,Ingenieur Reseau Junior,Bac+2,CDI,2018-04-16,1158000,Actif,,
EMP0114,Aida,Camara,aida.camara114@telcomci.ci,F,1979-01-27,Abidjan,DEP03,Ingenieur Reseau Junior,Bac+5,CDD,2022-09-18,1199000,Inactif,2024-03-24,Fin CDD
EMP0115,Luc,Kone,luc.kone115@telcomci.ci,M,1991-01-16,Abidjan,DEP03,Ingenieur Reseau Junior,Bac+2,CDI,2023-06-26,1159000,Inactif,2024-02-27,Licenciement
EMP0116,Thierry,Cisse,thierry.cisse116@telcomci.ci,M,2006-03-01,Daloa,DEP03,Ingenieur Reseau Junior,Bac,CDI,2020-12-26,1216000,Actif,,
EMP0117,Thierry,Diallo,thierry.diallo117@telcomci.ci,M,1990-11-13,Daloa,DEP03,Ingenieur Reseau Junior,Bac+5,CDI,2019-01-01,1026000,Actif,,
EMP0118,Kouassi,Camara,kouassi.camara118@telcomci.ci,M,1996-04-30,San Pedro,DEP03,Ingenieur Reseau Junior,Bac+3,CDI,2015-10-04,1172000,Actif,,
EMP0119,Paul,Diallo,paul.diallo119@telcomci.ci,M,1980-06-20,Daloa,DEP03,Ingenieur Reseau Junior,Bac+3,CDI,2019-10-06,1125000,Actif,,
EMP0120,Moussa,Toure,moussa.toure120@telcomci.ci,M,1988-10-02,Abidjan,DEP03,Ingenieur Reseau Junior,Bac+5,CDI,2020-04-22,1237000,Actif,,
EMP0121,Moussa,Ndoye,moussa.ndoye121@telcomci.ci,M,1983-01-27,San Pedro,DEP03,Ingenieur Reseau Junior,Bac+3,CDD,2018-02-16,941000,Actif,,
EMP0122,Luc,Kouassi,luc.kouassi122@telcomci.ci,M,1995-02-10,Abidjan,DEP03,Ingenieur Reseau Junior,Bac,CDI,2018-01-22,1252000,Actif,,
EMP0123,Aida,Kouassi,aida.kouassi123@telcomci.ci,F,1984-05-25,Abidjan,DEP03,Ingenieur Reseau Junior,Bac+3,Interim,2018-06-11,1042000,Actif,,
EMP0124,Eric,Sow,eric.sow124@telcomci.ci,M,2009-02-28,Abidjan,DEP03,Ingenieur Reseau Junior,Bac+4,CDI,2021-08-13,1151000,Actif,,
EMP0125,Moussa,Diallo,moussa.diallo125@telcomci.ci,M,2009-12-12,Abidjan,DEP03,Ingenieur Reseau Junior,Bac+2,CDI,2018-02-03,1028000,Actif,,
EMP0126,Luc,Ndoye,luc.ndoye126@telcomci.ci,M,1998-07-18,Abidjan,DEP03,Ingenieur Reseau Junior,Bac+4,CDD,2021-12-27,1092000,Actif,,
EMP0127,Fatoumata,Kone,fatoumata.kone127@telcomci.ci,F,2006-06-25,Abidjan,DEP03,Ingenieur Reseau Junior,Bac+5,CDI,2017-05-19,996000,Actif,,
EMP0128,Awa,Kone,awa.kone128@telcomci.ci,F,1980-08-01,Abidjan,DEP03,Ingenieur Reseau Junior,Bac,Interim,2020-10-26,1104000,Actif,,
EMP0129,Jean,Toure,jean.toure129@telcomci.ci,M,1993-03-11,Abidjan,DEP03,Ingenieur Reseau Junior,Bac+3,CDI,2017-08-14,1016000,Inactif,2018-05-14,Mutation
EMP0130,Ibrahim,Camara,ibrahim.camara130@telcomci.ci,M,2006-01-29,Abidjan,DEP03,Ingenieur Reseau Junior,Bac+2,CDI,2017-10-14,972000,Actif,,
EMP0131,Luc,Sow,luc.sow131@telcomci.ci,M,1987-01-28,Abidjan,DEP03,Ingenieur Reseau Junior,Bac+5,CDI,2023-09-17,1065000,Actif,,
EMP0132,Marie,Camara,marie.camara132@telcomci.ci,F,1985-12-26,Abidjan,DEP03,Ingenieur Reseau Junior,Bac+5,CDI,2015-12-31,935000,Actif,,
EMP0133,Kouassi,Kouassi,kouassi.kouassi133@telcomci.ci,M,2006-03-15,Abidjan,DEP03,Ingenieur Reseau Junior,Bac+4,CDI,2019-11-30,1213000,Actif,,
EMP0134,Yao,Kone,yao.kone134@telcomci.ci,M,2004-09-26,Abidjan,DEP03,Ingenieur Reseau Junior,Bac+5,CDD,2017-02-28,1160000,Actif,,
EMP0135,Yao,Bamba,yao.bamba135@telcomci.ci,M,1993-06-02,Abidjan,DEP03,Technicien Senior,Bac+5,CDI,2019-05-30,830000,Actif,,
EMP0136,Bintou,Bamba,bintou.bamba136@telcomci.ci,F,2007-08-22,Abidjan,DEP03,Technicien Senior,Bac+5,CDI,2016-03-25,665000,Actif,,
EMP0137,Aida,Ndoye,aida.ndoye137@telcomci.ci,F,1984-08-28,Abidjan,DEP03,Technicien Senior,Bac+2,CDI,2019-03-29,796000,Actif,,
EMP0138,Bintou,Kouassi,bintou.kouassi138@telcomci.ci,F,2010-11-04,Bouake,DEP03,Technicien Senior,Bac,CDD,2015-01-16,808000,Actif,,
EMP0139,Moussa,Bamba,moussa.bamba139@telcomci.ci,M,2011-09-23,Korhogo,DEP03,Technicien Senior,Bac,CDI,2017-03-20,769000,Actif,,
EMP0140,Marie,Kone,marie.kone140@telcomci.ci,F,1979-07-08,Abidjan,DEP03,Technicien Senior,Bac+4,CDI,2018-03-23,738000,Actif,,
EMP0141,Kofi,Ndoye,kofi.ndoye141@telcomci.ci,M,1988-11-06,Abidjan,DEP03,Technicien Senior,Bac+5,CDI,2020-08-31,681000,Inactif,2022-03-02,Licenciement
EMP0142,Aminata,Traore,aminata.traore142@telcomci.ci,F,2008-01-06,Abidjan,DEP03,Technicien Senior,Bac+5,CDD,2016-06-22,829000,Actif,,
EMP0143,Kouassi,Kone,kouassi.kone143@telcomci.ci,M,1980-01-14,Abidjan,DEP03,Technicien Senior,Bac+5,CDI,2017-02-08,697000,Actif,,
EMP0144,Laure,Sow,laure.sow144@telcomci.ci,F,1998-02-05,Abidjan,DEP03,Technicien Senior,Bac+4,CDI,2019-07-10,664000,Inactif,2022-05-27,Mutation
EMP0145,Awa,Ndoye,awa.ndoye145@telcomci.ci,F,2010-03-11,Abidjan,DEP03,Technicien Senior,Bac+4,CDI,2015-10-24,788000,Actif,,
EMP0146,Ibrahim,Kone,ibrahim.kone146@telcomci.ci,M,2014-01-15,Bouake,DEP03,Technicien Senior,Bac+5,CDI,2015-06-14,732000,Actif,,
EMP0147,Adama,Diallo,adama.diallo147@telcomci.ci,M,1984-03-30,Abidjan,DEP03,Technicien Senior,Bac+3,CDI,2016-05-23,867000,Actif,,
EMP0148,Ibrahim,Diallo,ibrahim.diallo148@telcomci.ci,M,2005-07-03,Abidjan,DEP03,Technicien Senior,Bac+4,CDI,2019-12-08,822000,Actif,,
EMP0149,Laure,Diallo,laure.diallo149@telcomci.ci,F,2006-10-27,Abidjan,DEP03,Technicien Senior,Bac+3,CDI,2016-05-02,783000,Inactif,2019-12-22,Demission
EMP0150,Thierry,Toure,thierry.toure150@telcomci.ci,M,1981-05-25,Abidjan,DEP03,Technicien Senior,Bac+3,CDI,2018-08-21,871000,Actif,,
EMP0151,Aida,Diallo,aida.diallo151@telcomci.ci,F,1982-02-18,San Pedro,DEP03,Technicien Senior,Bac,CDI,2017-05-14,710000,Actif,,
EMP0152,Kofi,Toure,kofi.toure152@telcomci.ci,M,2000-10-25,Abidjan,DEP03,Technicien Senior,Bac+4,CDI,2016-11-21,835000,Actif,,
EMP0153,Laure,Ouattara,laure.ouattara153@telcomci.ci,F,2004-03-23,Abidjan,DEP03,Technicien Senior,Bac+5,CDI,2020-10-26,846000,Actif,,
EMP0154,Aminata,Ouattara,aminata.ouattara154@telcomci.ci,F,1992-03-24,Abidjan,DEP03,Technicien Senior,Bac+3,CDI,2023-01-22,850000,Inactif,2023-07-21,Fin CDD
EMP0155,Fatoumata,Camara,fatoumata.camara155@telcomci.ci,F,1990-01-28,Abidjan,DEP03,Technicien Senior,Bac+4,CDI,2023-10-23,831000,Actif,,
EMP0156,Thierry,Ouattara,thierry.ouattara156@telcomci.ci,M,1975-05-29,Abidjan,DEP03,Technicien Senior,Bac+3,CDD,2017-11-05,799000,Actif,,
EMP0157,Kofi,Ndoye,kofi.ndoye157@telcomci.ci,M,1982-11-12,Bouake,DEP03,Technicien Senior,Bac+5,CDI,2015-08-09,751000,Actif,,
EMP0158,Sophie,Bamba,sophie.bamba158@telcomci.ci,F,2004-01-26,Abidjan,DEP03,Technicien Senior,Bac+5,CDI,2016-06-14,742000,Actif,,
EMP0159,Marie,Cisse,marie.cisse159@telcomci.ci,F,2010-03-21,San Pedro,DEP03,Technicien Senior,Bac+5,CDI,2020-03-17,728000,Actif,,
EMP0160,Paul,Toure,paul.toure160@telcomci.ci,M,1978-08-04,San Pedro,DEP03,Technicien Senior,Bac+5,CDI,2019-08-27,724000,Inactif,2020-03-07,Retraite
EMP0161,Eric,Camara,eric.camara161@telcomci.ci,M,1979-06-05,Abidjan,DEP03,Technicien Senior,Bac+2,CDI,2022-11-17,722000,Actif,,
EMP0162,Adjoua,Cisse,adjoua.cisse162@telcomci.ci,F,1989-03-08,San Pedro,DEP03,Technicien Senior,Bac+3,CDI,2022-10-25,893000,Actif,,
EMP0163,Thierry,Bamba,thierry.bamba163@telcomci.ci,M,2008-10-22,Abidjan,DEP03,Technicien Senior,Bac+3,CDI,2023-05-23,792000,Inactif,2024-01-07,Mutation
EMP0164,Luc,Traore,luc.traore164@telcomci.ci,M,1979-04-07,Daloa,DEP03,Technicien Senior,Bac+4,CDI,2019-11-01,722000,Actif,,
EMP0165,Fatoumata,Kone,fatoumata.kone165@telcomci.ci,F,1986-11-01,Abidjan,DEP03,Technicien Junior,Bac+2,CDI,2021-08-05,558000,Actif,,
EMP0166,Luc,Ouattara,luc.ouattara166@telcomci.ci,M,1984-04-23,Daloa,DEP03,Technicien Junior,Bac+3,CDI,2021-11-19,657000,Actif,,
EMP0167,Kofi,Diallo,kofi.diallo167@telcomci.ci,M,2008-11-01,Abidjan,DEP03,Technicien Junior,Bac+4,CDI,2016-08-02,524000,Actif,,
EMP0168,Fatoumata,Ndoye,fatoumata.ndoye168@telcomci.ci,F,2004-11-11,Abidjan,DEP03,Technicien Junior,Bac+3,CDI,2017-03-09,641000,Actif,,
EMP0169,Moussa,Ndoye,moussa.ndoye169@telcomci.ci,M,1984-10-14,Abidjan,DEP03,Technicien Junior,Bac+2,CDI,2017-12-20,521000,Actif,,
EMP0170,Eric,Kouassi,eric.kouassi170@telcomci.ci,M,1990-09-20,Abidjan,DEP03,Technicien Junior,Bac+2,CDI,2021-12-06,578000,Actif,,
EMP0171,Paul,Diallo,paul.diallo171@telcomci.ci,M,1980-01-09,Bouake,DEP03,Technicien Junior,Bac,CDI,2018-03-17,659000,Actif,,
EMP0172,Moussa,Traore,moussa.traore172@telcomci.ci,M,2009-12-13,Abidjan,DEP03,Technicien Junior,Bac+4,CDI,2016-06-16,529000,Actif,,
EMP0173,Clarisse,Kouassi,clarisse.kouassi173@telcomci.ci,F,1987-11-08,San Pedro,DEP03,Technicien Junior,Bac+4,CDI,2015-01-06,599000,Actif,,
EMP0174,Luc,Ndoye,luc.ndoye174@telcomci.ci,M,2007-08-27,Abidjan,DEP03,Technicien Junior,Bac+4,CDI,2019-09-28,665000,Actif,,
EMP0175,Eric,Ouattara,eric.ouattara175@telcomci.ci,M,1988-09-08,Abidjan,DEP03,Technicien Junior,Bac+2,CDI,2022-05-22,552000,Inactif,2024-03-19,Mutation
EMP0176,Awa,Kone,awa.kone176@telcomci.ci,F,1983-06-03,Korhogo,DEP03,Technicien Junior,Bac+3,CDI,2020-07-20,631000,Actif,,
EMP0177,Awa,Bamba,awa.bamba177@telcomci.ci,F,1975-02-03,Daloa,DEP03,Technicien Junior,Bac+5,CDI,2021-09-20,666000,Actif,,
EMP0178,Thierry,Diallo,thierry.diallo178@telcomci.ci,M,1994-11-09,Abidjan,DEP03,Technicien Junior,Bac+5,CDD,2019-02-01,520000,Actif,,
EMP0179,Ibrahim,Bamba,ibrahim.bamba179@telcomci.ci,M,2004-01-11,Abidjan,DEP03,Technicien Junior,Bac+3,CDI,2018-09-09,573000,Actif,,
EMP0180,Fatoumata,Diallo,fatoumata.diallo180@telcomci.ci,F,1978-08-17,Abidjan,DEP03,Technicien Junior,Bac,CDD,2019-03-20,553000,Actif,,
EMP0181,Adama,Kouassi,adama.kouassi181@telcomci.ci,M,1992-12-21,Abidjan,DEP03,Technicien Junior,Bac,CDI,2023-10-22,648000,Actif,,
EMP0182,Clarisse,Bamba,clarisse.bamba182@telcomci.ci,F,2003-07-24,Abidjan,DEP03,Technicien Junior,Bac+3,CDI,2019-09-27,546000,Actif,,
EMP0183,Kofi,Toure,kofi.toure183@telcomci.ci,M,1997-06-16,Abidjan,DEP03,Technicien Junior,Bac,CDI,2022-12-21,618000,Actif,,
EMP0184,Sophie,Toure,sophie.toure184@telcomci.ci,F,1993-07-24,Abidjan,DEP03,Technicien Junior,Bac+4,CDI,2018-09-27,553000,Actif,,
EMP0185,Thierry,Cisse,thierry.cisse185@telcomci.ci,M,2001-09-06,Abidjan,DEP03,Technicien Junior,Bac+5,CDD,2017-11-23,607000,Actif,,
EMP0186,Eric,Ndoye,eric.ndoye186@telcomci.ci,M,2005-01-11,Abidjan,DEP03,Technicien Junior,Bac,CDI,2017-11-29,628000,Actif,,
EMP0187,Luc,Bamba,luc.bamba187@telcomci.ci,M,1985-12-31,Abidjan,DEP03,Technicien Junior,Bac+3,CDD,2022-10-07,517000,Actif,,
EMP0188,Kouassi,Diallo,kouassi.diallo188@telcomci.ci,M,2005-09-28,San Pedro,DEP03,Technicien Junior,Bac+3,CDI,2023-02-12,587000,Actif,,
EMP0189,Thierry,Camara,thierry.camara189@telcomci.ci,M,2000-01-01,Abidjan,DEP03,Technicien Junior,Bac+4,CDI,2017-09-28,549000,Actif,,
EMP0190,Eric,Kone,eric.kone190@telcomci.ci,M,2013-06-21,Abidjan,DEP03,Technicien Junior,Bac+4,CDI,2021-02-09,563000,Actif,,
EMP0191,Aminata,Traore,aminata.traore191@telcomci.ci,F,2009-02-19,Abidjan,DEP03,Technicien Junior,Bac+3,CDI,2022-07-21,549000,Actif,,
EMP0192,Ibrahim,Cisse,ibrahim.cisse192@telcomci.ci,M,2013-02-25,Korhogo,DEP03,Technicien Junior,Bac+4,CDD,2020-08-20,535000,Actif,,
EMP0193,Clarisse,Kouassi,clarisse.kouassi193@telcomci.ci,F,2004-10-11,Abidjan,DEP03,Technicien Junior,Bac+3,CDI,2015-03-10,626000,Actif,,
EMP0194,Luc,Ndoye,luc.ndoye194@telcomci.ci,M,1987-03-17,Abidjan,DEP03,Technicien Junior,Bac+3,CDI,2019-01-26,605000,Actif,,
EMP0195,Yao,Ndoye,yao.ndoye195@telcomci.ci,M,1983-10-01,Abidjan,DEP03,Technicien Junior,Bac+5,CDI,2017-07-21,635000,Actif,,
EMP0196,Kouassi,Diallo,kouassi.diallo196@telcomci.ci,M,1984-05-17,Abidjan,DEP03,Technicien Junior,Bac+3,CDI,2015-01-25,632000,Actif,,
EMP0197,Jean,Kouassi,jean.kouassi197@telcomci.ci,M,1990-08-04,Korhogo,DEP03,Technicien Junior,Bac+5,CDI,2016-01-11,667000,Actif,,
EMP0198,Adama,Kone,adama.kone198@telcomci.ci,M,2000-04-15,Abidjan,DEP03,Technicien Junior,Bac,CDI,2018-10-08,655000,Actif,,
EMP0199,Sophie,Ouattara,sophie.ouattara199@telcomci.ci,F,1985-10-26,Abidjan,DEP03,Technicien Junior,Bac+5,CDI,2017-03-23,647000,Actif,,
EMP0200,Adama,Kouassi,adama.kouassi200@telcomci.ci,M,1984-09-27,Abidjan,DEP03,Technicien Junior,Bac+4,CDI,2022-06-03,567000,Actif,,
EMP0201,Aida,Kouassi,aida.kouassi201@telcomci.ci,F,2014-08-27,Abidjan,DEP03,Technicien Junior,Bac+5,CDI,2015-01-05,0,Actif,,
EMP0202,Aminata,Bamba,aminata.bamba202@telcomci.ci,F,1982-02-09,Abidjan,DEP03,Technicien Junior,Bac+5,CDI,2021-06-27,548000,Actif,,
EMP0203,Sophie,Kone,sophie.kone203@telcomci.ci,F,1989-02-14,Korhogo,DEP03,Technicien Junior,Bac+2,CDD,2021-10-20,630000,Actif,,
EMP0204,Paul,Toure,paul.toure204@telcomci.ci,M,1981-09-09,Abidjan,DEP03,Technicien Junior,Bac+5,CDD,2018-09-18,623000,Actif,,
EMP0205,Thierry,Toure,thierry.toure205@telcomci.ci,M,2010-02-20,Abidjan,DEP03,Technicien Junior,Bac+3,CDI,2020-01-30,510000,Actif,,
EMP0206,Thierry,Diallo,thierry.diallo206@telcomci.ci,M,2009-01-02,Bouake,DEP03,Technicien Junior,Bac+5,CDI,2015-08-08,493000,Actif,,
EMP0207,Sophie,Ndoye,sophie.ndoye207@telcomci.ci,F,2007-11-26,Abidjan,DEP03,Technicien Junior,Bac+2,CDI,2021-08-28,522000,Actif,,
EMP0208,Yao,Ouattara,yao.ouattara208@telcomci.ci,M,1996-10-22,Abidjan,DEP03,Technicien Junior,Bac+3,CDI,2022-05-04,636000,Inactif,2023-06-20,Fin CDD
EMP0209,Adjoua,Toure,adjoua.toure209@telcomci.ci,F,1995-02-26,Abidjan,DEP03,Technicien Junior,Bac+4,CDI,2016-10-17,624000,Actif,,
EMP0210,Ibrahim,Kouassi,ibrahim.kouassi210@telcomci.ci,M,1988-06-24,Abidjan,DEP03,Technicien Junior,Bac+5,CDI,2016-12-14,624000,Inactif,2022-09-04,Demission
EMP0211,Aida,Kone,aida.kone211@telcomci.ci,F,1990-12-06,San Pedro,DEP04,Directeur Service Client,Bac+3,CDI,2015-07-19,2983000,Actif,,
EMP0212,Ibrahim,Traore,ibrahim.traore212@telcomci.ci,M,2013-03-15,Daloa,DEP04,Superviseur,Bac+3,CDI,2019-01-01,1446000,Actif,,
EMP0213,Yao,Cisse,yao.cisse213@telcomci.ci,M,2001-03-23,Abidjan,DEP04,Superviseur,Bac+3,CDI,2019-03-21,1218000,Actif,,
EMP0214,Marie,Bamba,marie.bamba214@telcomci.ci,F,2012-03-18,Abidjan,DEP04,Superviseur,Bac+4,CDI,2019-11-29,1382000,Inactif,2022-06-27,Demission
EMP0215,Ibrahim,Diallo,ibrahim.diallo215@telcomci.ci,M,1991-09-26,Abidjan,DEP04,Superviseur,Bac+3,CDI,2017-07-28,1401000,Actif,,
EMP0216,Yao,Kone,yao.kone216@telcomci.ci,M,1993-01-02,Abidjan,DEP04,Superviseur,Bac+3,CDI,2018-06-08,1309000,Actif,,
EMP0217,Luc,Toure,luc.toure217@telcomci.ci,M,1975-01-16,Bouake,DEP04,Superviseur,Bac+3,CDI,2018-03-25,1188000,Actif,,
EMP0218,Marie,Sow,marie.sow218@telcomci.ci,F,2008-08-05,Korhogo,DEP04,Superviseur,Bac+3,CDI,2016-07-13,1288000,Actif,,
EMP0219,Paul,Bamba,paul.bamba219@telcomci.ci,M,1998-06-01,Abidjan,DEP04,Superviseur,Bac+5,CDD,2019-03-24,1181000,Actif,,
EMP0220,Moussa,Toure,moussa.toure220@telcomci.ci,M,1978-02-09,Abidjan,DEP04,Agent Senior,Bac+3,CDD,2015-11-19,684000,Actif,,
EMP0221,Kouassi,Cisse,kouassi.cisse221@telcomci.ci,M,1989-06-03,Abidjan,DEP04,Agent Senior,Bac+4,CDD,2018-01-24,607000,Actif,,
EMP0222,Moussa,Camara,moussa.camara222@telcomci.ci,M,2002-12-16,Abidjan,DEP04,Agent Senior,Bac+2,CDI,2020-06-10,782000,Actif,,
EMP0223,Paul,Bamba,paul.bamba223@telcomci.ci,M,1999-10-07,San Pedro,DEP04,Agent Senior,Bac+2,CDI,2019-02-06,621000,Actif,,
EMP0224,Jean,Bamba,jean.bamba224@telcomci.ci,M,1977-06-28,Abidjan,DEP04,Agent Senior,Bac+3,CDD,2022-04-23,804000,Inactif,2023-02-14,Retraite
EMP0225,Paul,Cisse,paul.cisse225@telcomci.ci,M,2007-03-24,Abidjan,DEP04,Agent Senior,Bac+3,CDI,2023-03-01,631000,Actif,,
EMP0226,Awa,Camara,awa.camara226@telcomci.ci,F,2006-10-09,Abidjan,DEP04,Agent Senior,Bac+3,CDI,2019-05-27,675000,Actif,,
EMP0227,Thierry,Ndoye,thierry.ndoye227@telcomci.ci,M,1982-09-21,Abidjan,DEP04,Agent Senior,Bac+3,CDI,2016-12-07,617000,Actif,,
EMP0228,Paul,Kone,paul.kone228@telcomci.ci,M,1990-02-25,Korhogo,DEP04,Agent Senior,Bac+2,CDD,2018-03-13,686000,Actif,,
EMP0229,Jean,Bamba,jean.bamba229@telcomci.ci,M,1988-02-29,Abidjan,DEP04,Agent Senior,Bac+3,CDI,2021-11-21,690000,Actif,,
EMP0230,Ibrahim,Ouattara,ibrahim.ouattara230@telcomci.ci,M,1977-10-26,Abidjan,DEP04,Agent Senior,Bac+3,CDI,2020-11-14,662000,Actif,,
EMP0231,Eric,Kone,eric.kone231@telcomci.ci,M,2003-11-27,Bouake,DEP04,Agent Senior,Bac+3,CDI,2019-06-19,677000,Actif,,
EMP0232,Jean,Ouattara,jean.ouattara232@telcomci.ci,M,1982-04-03,Abidjan,DEP04,Agent Senior,Bac+5,CDI,2021-09-26,769000,Actif,,
EMP0233,Yao,Traore,yao.traore233@telcomci.ci,M,2012-10-17,Korhogo,DEP04,Agent Senior,Bac+3,Interim,2020-11-07,677000,Actif,,
EMP0234,Paul,Camara,paul.camara234@telcomci.ci,M,1978-04-30,Abidjan,DEP04,Agent Senior,Bac+4,CDI,2015-01-16,738000,Actif,,
EMP0235,Laure,Ndoye,laure.ndoye235@telcomci.ci,F,2006-06-12,Korhogo,DEP04,Agent Senior,Bac+4,CDD,2017-02-18,693000,Inactif,2020-12-14,Retraite
EMP0236,Jean,Camara,jean.camara236@telcomci.ci,M,2001-11-11,Abidjan,DEP04,Agent Senior,Bac+4,CDI,2022-11-01,714000,Actif,,
EMP0237,Kofi,Toure,kofi.toure237@telcomci.ci,M,1996-06-11,Bouake,DEP04,Agent Senior,Bac+2,CDD,2016-11-30,798000,Actif,,
EMP0238,Eric,Kone,eric.kone238@telcomci.ci,M,1979-09-09,Abidjan,DEP04,Agent Senior,Bac+4,CDD,2016-09-02,779000,Actif,,
EMP0239,Yao,Kone,yao.kone239@telcomci.ci,M,1997-07-24,Korhogo,DEP04,Agent Senior,Bac+4,CDD,2017-03-06,801000,Actif,,
EMP0240,Adama,Ndoye,adama.ndoye240@telcomci.ci,M,1983-11-04,Bouake,DEP04,Agent Senior,Bac+5,CDI,2018-04-19,620000,Actif,,
EMP0241,Thierry,Cisse,thierry.cisse241@telcomci.ci,M,2009-12-13,Abidjan,DEP04,Agent Senior,Bac+3,CDI,2021-07-06,600000,Actif,,
EMP0242,Moussa,Traore,moussa.traore242@telcomci.ci,M,2006-08-07,Abidjan,DEP04,Agent Senior,Bac+5,CDI,2021-02-25,735000,Actif,,
EMP0243,Yao,Diallo,yao.diallo243@telcomci.ci,M,1995-11-16,Abidjan,DEP04,Agent Senior,Bac+5,CDI,2023-07-27,640000,Actif,,
EMP0244,Thierry,Traore,thierry.traore244@telcomci.ci,M,1983-12-24,Bouake,DEP04,Agent Senior,Bac+4,Interim,2018-01-25,794000,Actif,,
EMP0245,Kofi,Traore,kofi.traore245@telcomci.ci,M,2001-01-18,Abidjan,DEP04,Agent Senior,Bac+4,CDI,2020-03-11,778000,Actif,,
EMP0246,Thierry,Diallo,thierry.diallo246@telcomci.ci,M,1994-02-16,San Pedro,DEP04,Agent Senior,Bac+3,CDI,2018-11-04,707000,Actif,,
EMP0247,Clarisse,Ndoye,clarisse.ndoye247@telcomci.ci,F,2012-05-29,Bouake,DEP04,Agent Senior,Bac+2,CDD,2019-11-10,785000,Inactif,2021-07-20,Fin CDD
EMP0248,Eric,Cisse,eric.cisse248@telcomci.ci,M,2003-11-13,Abidjan,DEP04,Agent Senior,Bac+5,CDD,2016-01-18,770000,Actif,,
EMP0249,Yao,Traore,yao.traore249@telcomci.ci,M,2013-09-21,Abidjan,DEP04,Agent Senior,Bac+4,CDI,2021-04-23,688000,Inactif,2022-10-22,Demission
EMP0250,Yao,Bamba,yao.bamba250@telcomci.ci,M,1980-02-05,Abidjan,DEP04,Agent Senior,Bac+3,CDD,2016-09-08,798000,Inactif,2021-12-31,Mutation
EMP0251,Awa,Kouassi,awa.kouassi251@telcomci.ci,F,2008-08-30,Korhogo,DEP04,Agent Senior,Bac+2,CDI,2020-07-08,793000,Actif,,
EMP0252,Moussa,Camara,moussa.camara252@telcomci.ci,M,1992-07-04,Abidjan,DEP04,Agent Senior,Bac+2,CDI,2019-11-12,784000,Actif,,
EMP0253,Thierry,Camara,thierry.camara253@telcomci.ci,M,1990-06-11,Abidjan,DEP04,Agent Senior,Bac+5,CDI,2022-09-09,671000,Actif,,
EMP0254,Adjoua,Ouattara,adjoua.ouattara254@telcomci.ci,F,2008-05-20,Abidjan,DEP04,Agent Senior,Bac+5,CDI,2015-09-10,689000,Actif,,
EMP0255,Kofi,Bamba,kofi.bamba255@telcomci.ci,M,1983-03-24,Abidjan,DEP04,Agent Senior,Bac+3,CDI,2022-09-02,800000,Actif,,
EMP0256,Aida,Ndoye,aida.ndoye256@telcomci.ci,F,2012-04-16,Abidjan,DEP04,Agent Senior,Bac+5,CDI,2023-05-07,645000,Inactif,2024-01-05,Demission
EMP0257,Kouassi,Bamba,kouassi.bamba257@telcomci.ci,M,2011-06-22,Bouake,DEP04,Agent Senior,Bac+5,CDI,2018-04-01,708000,Actif,,
EMP0258,Eric,Toure,eric.toure258@telcomci.ci,M,1980-02-06,Abidjan,DEP04,Agent Senior,Bac+5,CDI,2022-02-19,776000,Actif,,
EMP0259,Yao,Ouattara,yao.ouattara259@telcomci.ci,M,1992-07-02,Abidjan,DEP04,Agent Senior,Bac+2,CDI,2018-08-18,794000,Actif,,
EMP0260,Kofi,Cisse,kofi.cisse260@telcomci.ci,M,1981-12-18,Abidjan,DEP04,Agent Junior,Bac+5,CDI,2019-10-26,464000,Actif,,
EMP0261,Paul,Sow,paul.sow261@telcomci.ci,M,2003-11-09,Bouake,DEP04,Agent Junior,Bac+5,CDD,2021-11-04,441000,Actif,,
EMP0262,Luc,Sow,luc.sow262@telcomci.ci,M,2012-06-11,Abidjan,DEP04,Agent Junior,Bac+4,Interim,2015-12-16,493000,Actif,,
EMP0263,Thierry,Toure,thierry.toure263@telcomci.ci,M,1998-09-14,Abidjan,DEP04,Agent Junior,Bac+5,CDI,2019-07-28,478000,Inactif,2022-02-07,Licenciement
EMP0264,Adama,Sow,adama.sow264@telcomci.ci,M,1994-10-05,Daloa,DEP04,Agent Junior,Bac+4,CDI,2020-09-07,561000,Actif,,
EMP0265,Ibrahim,Cisse,ibrahim.cisse265@telcomci.ci,M,2007-11-13,Korhogo,DEP04,Agent Junior,Bac+4,CDI,2022-02-21,512000,Actif,,
EMP0266,Fatoumata,Bamba,fatoumata.bamba266@telcomci.ci,F,1992-05-21,Abidjan,DEP04,Agent Junior,Bac+2,CDI,2020-09-08,509000,Actif,,
EMP0267,Awa,Cisse,awa.cisse267@telcomci.ci,F,1989-10-29,Abidjan,DEP04,Agent Junior,Bac+3,CDI,2021-04-14,479000,Actif,,
EMP0268,Thierry,Ouattara,thierry.ouattara268@telcomci.ci,M,1988-12-23,Abidjan,DEP04,Agent Junior,Bac+4,CDI,2021-07-26,448000,Actif,,
EMP0269,Sophie,Diallo,sophie.diallo269@telcomci.ci,F,2004-11-14,Abidjan,DEP04,Agent Junior,Bac+5,CDI,2016-01-05,548000,Actif,,
EMP0270,Moussa,Cisse,moussa.cisse270@telcomci.ci,M,1988-02-11,Abidjan,DEP04,Agent Junior,Bac+5,CDD,2023-07-10,446000,Actif,,
EMP0271,Clarisse,Toure,clarisse.toure271@telcomci.ci,F,2003-04-23,Bouake,DEP04,Agent Junior,Bac+3,CDD,2016-07-05,442000,Actif,,
EMP0272,Moussa,Kouassi,moussa.kouassi272@telcomci.ci,M,2003-04-07,Abidjan,DEP04,Agent Junior,Bac+2,CDI,2016-04-25,462000,Actif,,
EMP0273,Kouassi,Kone,kouassi.kone273@telcomci.ci,M,1994-03-26,Abidjan,DEP04,Agent Junior,Bac+2,CDI,2018-10-08,531000,Actif,,
EMP0274,Marie,Sow,marie.sow274@telcomci.ci,F,1982-04-06,Abidjan,DEP04,Agent Junior,Bac+5,CDI,2018-12-30,452000,Actif,,
EMP0275,Kofi,Diallo,kofi.diallo275@telcomci.ci,M,1984-08-18,Abidjan,DEP04,Agent Junior,Bac+4,CDI,2021-05-30,527000,Actif,,
EMP0276,Luc,Camara,luc.camara276@telcomci.ci,M,2011-01-03,Abidjan,DEP04,Agent Junior,Bac+3,CDI,2016-03-02,461000,Actif,,
EMP0277,Laure,Toure,laure.toure277@telcomci.ci,F,1994-11-26,Abidjan,DEP04,Agent Junior,Bac,CDI,2018-04-03,511000,Actif,,
EMP0278,Aida,Sow,aida.sow278@telcomci.ci,F,1989-05-05,Abidjan,DEP04,Agent Junior,Bac+2,CDI,2020-06-20,550000,Actif,,
EMP0279,Yao,Toure,yao.toure279@telcomci.ci,M,1994-01-28,Abidjan,DEP04,Agent Junior,Bac+3,CDI,2020-03-05,489000,Actif,,
EMP0280,Adjoua,Cisse,adjoua.cisse280@telcomci.ci,F,1982-11-13,Bouake,DEP04,Agent Junior,Bac+5,CDD,2019-12-03,432000,Actif,,
EMP0281,Aminata,Diallo,aminata.diallo281@telcomci.ci,F,2009-11-22,Abidjan,DEP04,Agent Junior,Bac+4,CDI,2020-12-14,547000,Actif,,
EMP0282,Yao,Toure,yao.toure282@telcomci.ci,M,2014-10-03,Abidjan,DEP04,Agent Junior,Bac+3,CDI,2017-05-22,555000,Actif,,
EMP0283,Ibrahim,Ndoye,ibrahim.ndoye283@telcomci.ci,M,1982-10-20,Bouake,DEP04,Agent Junior,Bac+4,CDI,2016-12-28,425000,Actif,,
EMP0284,Bintou,Kone,bintou.kone284@telcomci.ci,F,1984-01-08,Bouake,DEP04,Agent Junior,Bac,CDI,2022-06-08,445000,Actif,,
EMP0285,Awa,Toure,awa.toure285@telcomci.ci,F,1980-08-06,Abidjan,DEP04,Agent Junior,Bac+5,Interim,2021-11-10,516000,Actif,,
EMP0286,Fatoumata,Sow,fatoumata.sow286@telcomci.ci,F,2014-05-31,Abidjan,DEP04,Agent Junior,Bac+3,CDI,2017-06-18,455000,Actif,,
EMP0287,Adjoua,Sow,adjoua.sow287@telcomci.ci,F,2005-11-08,Bouake,DEP04,Agent Junior,Bac+5,CDI,2020-06-03,472000,Actif,,
EMP0288,Thierry,Ndoye,thierry.ndoye288@telcomci.ci,M,2010-11-17,Abidjan,DEP04,Agent Junior,Bac+3,CDD,2015-01-15,563000,Inactif,2017-05-15,Fin CDD
EMP0289,Adama,Ouattara,adama.ouattara289@telcomci.ci,M,1990-10-19,Abidjan,DEP04,Agent Junior,Bac+5,CDI,2016-04-01,526000,Actif,,
EMP0290,Paul,Sow,paul.sow290@telcomci.ci,M,1996-01-16,Abidjan,DEP04,Agent Junior,Bac+3,CDI,2016-09-28,487000,Actif,,
EMP0291,Laure,Ndoye,laure.ndoye291@telcomci.ci,F,1991-06-18,Abidjan,DEP04,Agent Junior,Bac+5,Interim,2016-06-20,476000,Actif,,
EMP0292,Aida,Ndoye,aida.ndoye292@telcomci.ci,F,1980-03-27,Abidjan,DEP04,Agent Junior,Bac+5,CDI,2021-07-04,431000,Actif,,
EMP0293,Luc,Kouassi,luc.kouassi293@telcomci.ci,M,1986-07-27,Abidjan,DEP04,Agent Junior,Bac+2,CDI,2017-02-13,534000,Actif,,
EMP0294,Luc,Sow,luc.sow294@telcomci.ci,M,1975-12-11,Korhogo,DEP04,Agent Junior,Bac+3,CDI,2017-05-16,454000,Actif,,
EMP0295,Eric,Toure,eric.toure295@telcomci.ci,M,1981-06-22,Bouake,DEP04,Agent Junior,Bac+3,CDI,2018-08-04,475000,Inactif,2023-07-12,Demission
EMP0296,Thierry,Bamba,thierry.bamba296@telcomci.ci,M,1984-12-02,Bouake,DEP04,Agent Junior,Bac+5,CDI,2021-12-24,551000,Actif,,
EMP0297,Adama,Sow,adama.sow297@telcomci.ci,M,2009-09-03,Abidjan,DEP04,Agent Junior,Bac+2,CDI,2022-08-26,461000,Actif,,
EMP0298,Marie,Bamba,marie.bamba298@telcomci.ci,F,2013-12-25,Abidjan,DEP04,Agent Junior,Bac+5,CDD,2016-02-22,554000,Actif,,
EMP0299,Luc,Diallo,luc.diallo299@telcomci.ci,M,2004-10-08,Abidjan,DEP04,Agent Junior,Bac+4,CDI,2023-10-11,537000,Actif,,
EMP0300,Eric,Toure,eric.toure300@telcomci.ci,M,1995-03-12,Abidjan,DEP04,Agent Junior,Bac+2,CDI,2016-01-19,490000,Actif,,
EMP0301,Clarisse,Traore,eric.toure300@telcomci.ci,F,2011-07-03,Abidjan,DEP04,Agent Junior,Bac+3,CDI,2023-07-27,453000,Actif,,
EMP0302,Paul,Ndoye,paul.ndoye302@telcomci.ci,M,1975-04-27,Abidjan,DEP04,Agent Junior,Bac+2,CDD,2019-08-31,533000,Actif,,
EMP0303,Fatoumata,Kouassi,fatoumata.kouassi303@telcomci.ci,F,1989-01-26,Abidjan,DEP04,Agent Junior,Bac,CDI,2018-07-01,510000,Actif,,
EMP0304,Ibrahim,Toure,ibrahim.toure304@telcomci.ci,M,1995-08-25,Bouake,DEP04,Agent Junior,Bac+3,CDI,2015-11-02,545000,Actif,,
EMP0305,Aida,Kouassi,aida.kouassi305@telcomci.ci,F,2010-04-26,Abidjan,DEP04,Agent Junior,Bac+4,CDI,2019-04-13,461000,Actif,,
EMP0306,Marie,Diallo,marie.diallo306@telcomci.ci,F,2011-09-09,Abidjan,DEP04,Agent Junior,Bac+4,CDI,2020-05-28,538000,Inactif,2022-06-18,Fin CDD
EMP0307,Yao,Camara,yao.camara307@telcomci.ci,M,1977-03-17,Bouake,DEP04,Agent Junior,Bac+5,CDD,2019-03-25,468000,Actif,,
EMP0308,Sophie,Ndoye,sophie.ndoye308@telcomci.ci,F,1996-07-16,Abidjan,DEP04,Agent Junior,Bac+3,CDD,2018-07-14,424000,Actif,,
EMP0309,Bintou,Camara,bintou.camara309@telcomci.ci,F,2010-05-28,Abidjan,DEP04,Agent Junior,Bac+2,CDI,2021-07-20,448000,Actif,,
EMP0310,Kouassi,Toure,kouassi.toure310@telcomci.ci,M,1992-09-09,Abidjan,DEP04,Agent Junior,Bac+5,CDI,2017-03-10,420000,Actif,,
EMP0311,Aida,Camara,aida.camara311@telcomci.ci,F,1996-04-01,Abidjan,DEP04,Agent Junior,Bac+3,CDI,2023-04-10,486000,Actif,,
EMP0312,Laure,Kone,laure.kone312@telcomci.ci,F,2013-10-29,Abidjan,DEP04,Agent Junior,Bac+5,CDI,2016-10-18,536000,Actif,,
EMP0313,Laure,Camara,laure.camara313@telcomci.ci,F,2011-02-03,Bouake,DEP04,Agent Junior,Bac+5,CDI,2016-07-06,552000,Actif,,
EMP0314,Luc,Kone,luc.kone314@telcomci.ci,M,1978-07-04,Abidjan,DEP04,Agent Junior,Bac+5,CDI,2016-11-20,434000,Inactif,2017-10-21,Mutation
EMP0315,Sophie,Bamba,sophie.bamba315@telcomci.ci,F,1998-03-12,Abidjan,DEP04,Agent Junior,Bac+2,CDI,2021-07-20,530000,Actif,,
EMP0316,Yao,Camara,yao.camara316@telcomci.ci,M,2003-03-01,Abidjan,DEP04,Agent Junior,Bac+5,CDI,2020-09-09,521000,Actif,,
EMP0317,Adama,Ndoye,adama.ndoye317@telcomci.ci,M,2006-11-03,Bouake,DEP04,Agent Junior,Bac+5,CDI,2018-10-01,455000,Actif,,
EMP0318,Kofi,Toure,kofi.toure318@telcomci.ci,M,2010-03-27,Abidjan,DEP04,Agent Junior,Bac+2,CDI,2022-07-04,517000,Actif,,
EMP0319,Luc,Toure,luc.toure319@telcomci.ci,M,1983-08-29,Abidjan,DEP04,Agent Junior,Bac+4,Interim,2021-09-16,518000,Actif,,
EMP0320,Eric,Camara,eric.camara320@telcomci.ci,M,1992-10-18,Abidjan,DEP04,Agent Junior,Bac+5,CDI,2020-01-27,498000,Actif,,
EMP0321,Luc,Kone,luc.kone321@telcomci.ci,M,2002-09-21,Abidjan,DEP04,Agent Junior,Bac+5,CDI,2017-12-02,516000,Actif,,
EMP0322,Yao,Traore,yao.traore322@telcomci.ci,M,1988-03-20,Abidjan,DEP04,Agent Junior,Bac+2,CDI,2018-12-25,429000,Actif,,
EMP0323,Thierry,Cisse,thierry.cisse323@telcomci.ci,M,2008-03-02,San Pedro,DEP04,Agent Junior,Bac+3,CDI,2022-07-15,497000,Actif,,
EMP0324,Yao,Kouassi,yao.kouassi324@telcomci.ci,M,2013-05-02,Abidjan,DEP04,Agent Junior,Bac+3,CDI,2019-06-14,553000,Actif,,
EMP0325,Bintou,Kouassi,bintou.kouassi325@telcomci.ci,F,1977-11-15,Abidjan,DEP04,Agent Junior,Bac,CDI,2016-01-26,492000,Actif,,
EMP0326,Kofi,Ndoye,kofi.ndoye326@telcomci.ci,M,1998-07-17,Abidjan,DEP04,Agent Junior,Bac+4,CDI,2019-05-26,558000,Actif,,
EMP0327,Kouassi,Camara,kouassi.camara327@telcomci.ci,M,1975-01-09,Abidjan,DEP04,Agent Junior,Bac+3,CDI,2020-03-26,480000,Actif,,
EMP0328,Kofi,Ouattara,kofi.ouattara328@telcomci.ci,M,2013-08-24,Abidjan,DEP04,Agent Junior,Bac+4,CDI,2015-04-15,439000,Actif,,
EMP0329,Thierry,Kone,thierry.kone329@telcomci.ci,M,2000-08-23,Abidjan,DEP04,Agent Junior,Bac+5,CDI,2018-07-11,477000,Actif,,
EMP0330,Jean,Cisse,jean.cisse330@telcomci.ci,M,1989-05-22,San Pedro,DEP04,Agent Junior,Bac+2,CDI,2023-01-28,528000,Actif,,
EMP0331,Yao,Kouassi,yao.kouassi331@telcomci.ci,M,1985-01-04,Bouake,DEP04,Agent Junior,Bac,CDI,2018-02-12,455000,Actif,,
EMP0332,Luc,Kouassi,luc.kouassi332@telcomci.ci,M,1991-01-25,Korhogo,DEP04,Agent Junior,Bac+4,CDI,2023-10-30,510000,Actif,,
EMP0333,Kouassi,Bamba,kouassi.bamba333@telcomci.ci,M,2008-04-16,Abidjan,DEP04,Agent Junior,Bac,CDI,2020-12-15,461000,Actif,,
EMP0334,Aida,Traore,aida.traore334@telcomci.ci,F,1976-07-05,Abidjan,DEP04,Agent Junior,Bac+3,CDI,2023-10-13,534000,Actif,,
EMP0335,Moussa,Sow,moussa.sow335@telcomci.ci,M,1995-03-17,Abidjan,DEP04,Agent Junior,Bac+3,CDD,2016-07-21,510000,Actif,,
EMP0336,Paul,Traore,paul.traore336@telcomci.ci,M,1996-04-13,Daloa,DEP04,Agent Junior,Bac,CDI,2017-12-22,435000,Actif,,
EMP0337,Yao,Bamba,yao.bamba337@telcomci.ci,M,1987-08-24,Abidjan,DEP04,Agent Junior,Bac+5,CDI,2015-12-08,498000,Inactif,2022-06-06,Mutation
EMP0338,Yao,Bamba,yao.bamba338@telcomci.ci,M,2007-03-09,Abidjan,DEP04,Agent Junior,Bac+5,CDD,2020-11-05,426000,Inactif,2024-02-06,Retraite
EMP0339,Jean,Sow,jean.sow339@telcomci.ci,M,1999-03-31,Abidjan,DEP04,Agent Junior,Bac+5,CDI,2019-08-17,482000,Actif,,
EMP0340,Aminata,Ndoye,aminata.ndoye340@telcomci.ci,F,1998-09-29,Korhogo,DEP04,Agent Junior,Bac+4,CDI,2022-02-26,418000,Actif,,
EMP0341,Kouassi,Traore,kouassi.traore341@telcomci.ci,M,1983-02-08,Abidjan,DEP05,Directeur Financier,Bac+3,Interim,2022-12-31,2830000,Actif,,
EMP0342,Moussa,Cisse,moussa.cisse342@telcomci.ci,M,2005-11-04,Abidjan,DEP05,Controleur de Gestion,Bac+3,CDI,2023-07-01,1504000,Actif,,
EMP0343,Jean,Cisse,jean.cisse343@telcomci.ci,M,1992-07-22,Abidjan,DEP05,Controleur de Gestion,Bac+3,CDI,2015-12-08,1701000,Inactif,2019-03-18,Fin CDD
EMP0344,Aminata,Kone,aminata.kone344@telcomci.ci,F,1976-10-31,Abidjan,DEP05,Controleur de Gestion,Bac+2,CDI,2020-06-10,1749000,Actif,,
EMP0345,Moussa,Toure,moussa.toure345@telcomci.ci,M,1984-10-25,Abidjan,DEP05,Comptable Senior,Bac+3,CDI,2021-03-12,820000,Actif,,
EMP0346,Kouassi,Ouattara,kouassi.ouattara346@telcomci.ci,M,1992-06-05,Abidjan,DEP05,Comptable Senior,Bac+3,CDD,2018-09-09,1042000,Actif,,
EMP0347,Ibrahim,Toure,ibrahim.toure347@telcomci.ci,M,2005-07-02,Abidjan,DEP05,Comptable Senior,Bac,CDI,2017-09-15,1079000,Inactif,2023-11-14,Mutation
EMP0348,Adjoua,Sow,adjoua.sow348@telcomci.ci,F,1977-06-01,Abidjan,DEP05,Comptable Senior,Bac,CDI,2023-01-28,964000,Inactif,2023-08-14,Mutation
EMP0349,Thierry,Diallo,thierry.diallo349@telcomci.ci,M,1997-11-09,Abidjan,DEP05,Comptable Senior,Bac+5,CDI,2020-09-08,851000,Actif,,
EMP0350,Laure,Toure,laure.toure350@telcomci.ci,F,1996-10-10,Abidjan,DEP05,Comptable Senior,Bac,Interim,2021-07-04,942000,Actif,,
EMP0351,Bintou,Bamba,bintou.bamba351@telcomci.ci,F,1989-10-01,Abidjan,DEP05,Comptable Senior,Bac+3,CDI,2015-03-17,857000,Actif,,
EMP0352,Sophie,Kouassi,sophie.kouassi352@telcomci.ci,F,2001-04-01,Abidjan,DEP05,Comptable Senior,Bac+5,CDD,2023-05-28,869000,Actif,,
EMP0353,Kofi,Ouattara,kofi.ouattara353@telcomci.ci,M,1999-09-24,Abidjan,DEP05,Comptable Senior,Bac+3,CDI,2020-04-04,1072000,Actif,,
EMP0354,Jean,Kouassi,jean.kouassi354@telcomci.ci,M,2009-04-13,Abidjan,DEP05,Comptable Senior,Bac+4,CDI,2023-10-20,833000,Actif,,
EMP0355,Eric,Diallo,eric.diallo355@telcomci.ci,M,2005-02-17,Abidjan,DEP05,Comptable Junior,Bac+2,CDI,2021-09-22,580000,Actif,,
EMP0356,Laure,Kone,laure.kone356@telcomci.ci,F,1985-01-18,Abidjan,DEP05,Comptable Junior,Bac+5,CDI,2019-08-21,610000,Actif,,
EMP0357,Clarisse,Ouattara,clarisse.ouattara357@telcomci.ci,F,1994-07-23,Abidjan,DEP05,Comptable Junior,Bac+3,CDI,2021-02-22,553000,Actif,,
EMP0358,Thierry,Camara,thierry.camara358@telcomci.ci,M,2002-08-01,Abidjan,DEP05,Comptable Junior,Bac+3,CDI,2015-06-04,553000,Actif,,
EMP0359,Yao,Toure,yao.toure359@telcomci.ci,M,1976-04-12,Abidjan,DEP05,Comptable Junior,Bac+3,CDI,2018-10-18,641000,Actif,,
EMP0360,Jean,Ouattara,jean.ouattara360@telcomci.ci,M,1987-12-10,Abidjan,DEP05,Comptable Junior,Bac+2,CDD,2015-12-20,573000,Actif,,
EMP0361,Thierry,Toure,thierry.toure361@telcomci.ci,M,1995-08-04,Bouake,DEP05,Comptable Junior,Bac+4,CDD,2022-07-20,637000,Inactif,2023-09-22,Licenciement
EMP0362,Jean,Bamba,jean.bamba362@telcomci.ci,M,1987-12-23,Abidjan,DEP05,Comptable Junior,Bac,CDI,2018-10-03,673000,Actif,,
EMP0363,Laure,Diallo,laure.diallo363@telcomci.ci,F,1986-05-21,Abidjan,DEP05,Comptable Junior,Bac,Interim,2023-01-22,673000,Actif,,
EMP0364,Kofi,Kone,kofi.kone364@telcomci.ci,M,1996-06-07,Abidjan,DEP05,Comptable Junior,Bac+2,CDI,2023-09-30,610000,Actif,,
EMP0365,Sophie,Ndoye,sophie.ndoye365@telcomci.ci,F,1975-08-25,Abidjan,DEP05,Comptable Junior,Bac+4,CDI,2016-09-10,611000,Actif,,
EMP0366,Aida,Cisse,aida.cisse366@telcomci.ci,F,1983-04-18,Abidjan,DEP05,Comptable Junior,Bac+3,CDD,2019-04-12,615000,Actif,,
EMP0367,Paul,Diallo,paul.diallo367@telcomci.ci,M,1995-02-24,Abidjan,DEP05,Comptable Junior,Bac,CDI,2022-01-12,544000,Actif,,
EMP0368,Awa,Cisse,awa.cisse368@telcomci.ci,F,2004-01-09,Daloa,DEP05,Comptable Junior,Bac+5,CDI,2019-06-24,575000,Actif,,
EMP0369,Paul,Kone,paul.kone369@telcomci.ci,M,2009-03-12,Korhogo,DEP05,Comptable Junior,Bac,CDI,2018-09-08,600000,Actif,,
EMP0370,Yao,Sow,yao.sow370@telcomci.ci,M,1997-07-04,Abidjan,DEP05,Comptable Junior,Bac+3,CDI,2016-08-30,533000,Actif,,
EMP0371,Jean,Camara,jean.camara371@telcomci.ci,M,2001-12-22,Abidjan,DEP05,Comptable Junior,Bac+4,CDI,2019-07-09,576000,Actif,,
EMP0372,Paul,Cisse,paul.cisse372@telcomci.ci,M,1977-03-24,Abidjan,DEP05,Comptable Junior,Bac+4,CDI,2021-05-22,594000,Actif,,
EMP0373,Bintou,Kouassi,bintou.kouassi373@telcomci.ci,F,1988-09-11,Abidjan,DEP05,Comptable Junior,Bac+5,Interim,2018-10-29,534000,Actif,,
EMP0374,Aida,Kouassi,aida.kouassi374@telcomci.ci,F,2011-03-27,Korhogo,DEP05,Comptable Junior,Bac+5,CDI,2017-02-15,551000,Actif,,
EMP0375,Awa,Cisse,awa.cisse375@telcomci.ci,F,2003-07-11,Abidjan,DEP05,Comptable Junior,Bac+5,CDI,2018-09-16,712000,Actif,,
EMP0376,Eric,Ouattara,eric.ouattara376@telcomci.ci,M,1988-11-24,Abidjan,DEP06,DRH,Bac+5,CDD,2019-08-18,2258000,Actif,,
EMP0377,Adama,Sow,adama.sow377@telcomci.ci,M,1976-07-31,Abidjan,DEP06,Responsable RH,Bac+4,CDD,2017-04-22,1235000,Actif,,
EMP0378,Luc,Camara,luc.camara378@telcomci.ci,M,1991-09-19,Abidjan,DEP06,Responsable RH,Bac,CDI,2015-04-17,1271000,Actif,,
EMP0379,Kofi,Bamba,kofi.bamba379@telcomci.ci,M,1978-08-03,Abidjan,DEP06,Charge RH,Bac+2,CDI,2017-11-30,686000,Actif,,
EMP0380,Sophie,Toure,sophie.toure380@telcomci.ci,F,2012-04-22,Abidjan,DEP06,Charge RH,Bac+5,CDI,2023-11-01,801000,Actif,,
EMP0381,Fatoumata,Bamba,fatoumata.bamba381@telcomci.ci,F,2008-09-30,Abidjan,DEP06,Charge RH,Bac+2,CDI,2021-07-16,895000,Actif,,
EMP0382,Luc,Toure,luc.toure382@telcomci.ci,M,1992-10-22,Bouake,DEP06,Charge RH,Bac+5,CDI,2022-03-10,903000,Inactif,2024-03-18,Mutation
EMP0383,Bintou,Ouattara,bintou.ouattara383@telcomci.ci,F,1976-05-14,Bouake,DEP06,Charge RH,Bac+3,CDI,2016-03-10,865000,Actif,,
EMP0384,Kofi,Cisse,kofi.cisse384@telcomci.ci,M,2009-01-18,Abidjan,DEP06,Charge RH,Bac+3,CDI,2022-08-21,746000,Actif,,
EMP0385,Yao,Traore,yao.traore385@telcomci.ci,M,1990-09-12,Abidjan,DEP06,Charge RH,Bac+4,CDD,2023-08-29,782000,Actif,,
EMP0386,Kouassi,Sow,kouassi.sow386@telcomci.ci,M,1977-01-28,Abidjan,DEP06,Charge RH,Bac+3,CDI,2022-12-20,759000,Actif,,
EMP0387,Paul,Kouassi,paul.kouassi387@telcomci.ci,M,1981-01-25,Abidjan,DEP06,Assistant RH,Bac+4,CDI,2015-06-11,497000,Actif,,
EMP0388,Luc,Toure,luc.toure388@telcomci.ci,M,1994-11-10,San Pedro,DEP06,Assistant RH,Bac+3,CDD,2022-05-06,593000,Actif,,
EMP0389,Paul,Bamba,paul.bamba389@telcomci.ci,M,1996-01-17,Abidjan,DEP06,Assistant RH,Bac+3,CDI,2023-04-05,469000,Actif,,
EMP0390,Sophie,Bamba,sophie.bamba390@telcomci.ci,F,1990-04-27,Abidjan,DEP06,Assistant RH,Bac+4,CDI,2017-05-07,460000,Actif,,
EMP0391,Kofi,Bamba,kofi.bamba391@telcomci.ci,M,2007-08-13,Abidjan,DEP06,Assistant RH,Bac+4,CDI,2016-08-11,453000,Actif,,
EMP0392,Adama,Kone,adama.kone392@telcomci.ci,M,1985-05-05,Abidjan,DEP06,Assistant RH,Bac+4,CDI,2020-11-28,588000,Actif,,
EMP0393,Adama,Toure,adama.toure393@telcomci.ci,M,2003-09-14,Abidjan,DEP06,Assistant RH,Bac+5,CDI,2017-12-21,511000,Actif,,
EMP0394,Jean,Toure,jean.toure394@telcomci.ci,M,2005-10-24,Korhogo,DEP06,Assistant RH,Bac,CDI,2023-11-30,578000,Actif,,
EMP0395,Yao,Sow,yao.sow395@telcomci.ci,M,2012-02-28,Abidjan,DEP06,Assistant RH,Bac+4,CDI,2020-03-18,590000,Actif,,
EMP0396,Adama,Toure,adama.toure396@telcomci.ci,M,2009-05-02,Abidjan,DEP07,Directeur Marketing,Bac+3,CDI,2019-01-13,2358000,Actif,,
EMP0397,Luc,Cisse,luc.cisse397@telcomci.ci,M,1976-07-19,Abidjan,DEP07,Chef de Produit,Bac+3,CDI,2020-04-08,1569000,Actif,,
EMP0398,Bintou,Sow,bintou.sow398@telcomci.ci,F,1994-07-07,Abidjan,DEP07,Chef de Produit,Bac+2,CDI,2015-11-03,1612000,Actif,,
EMP0399,Kouassi,Diallo,kouassi.diallo399@telcomci.ci,M,1989-09-29,Abidjan,DEP07,Chef de Produit,Bac+4,CDI,2022-10-01,1409000,Inactif,2023-10-29,Retraite
EMP0400,Eric,Toure,eric.toure400@telcomci.ci,M,1988-03-07,Abidjan,DEP07,Chef de Produit,Bac+5,CDI,2018-06-10,1393000,Actif,,
EMP0401,Yao,Toure,yao.toure401@telcomci.ci,M,2005-11-08,Abidjan,DEP07,Charge Marketing,Bac,CDI,2023-11-22,867000,Actif,,
EMP0402,Clarisse,Cisse,clarisse.cisse402@telcomci.ci,F,2014-08-03,Abidjan,DEP07,Charge Marketing,Bac+3,Interim,2019-08-27,979000,Inactif,2023-02-14,Retraite
EMP0403,Kofi,Traore,kofi.traore403@telcomci.ci,M,1978-09-16,Abidjan,DEP07,Charge Marketing,Bac+2,CDI,2015-03-03,917000,Actif,,
EMP0404,Bintou,Ndoye,bintou.ndoye404@telcomci.ci,F,2012-01-15,Abidjan,DEP07,Charge Marketing,Bac+4,CDI,2019-07-11,1000000,Actif,,
EMP0405,Awa,Traore,awa.traore405@telcomci.ci,F,2009-09-27,Abidjan,DEP07,Charge Marketing,Bac+5,CDI,2019-09-05,775000,Actif,,
EMP0406,Aida,Ndoye,aida.ndoye406@telcomci.ci,F,2010-11-09,Abidjan,DEP07,Charge Marketing,Bac+3,CDI,2022-09-02,878000,Actif,,
EMP0407,Paul,Traore,paul.traore407@telcomci.ci,M,1978-09-28,Abidjan,DEP07,Charge Marketing,Bac+5,CDI,2021-03-02,1005000,Actif,,
EMP0408,Bintou,Bamba,bintou.bamba408@telcomci.ci,F,1983-07-31,Abidjan,DEP07,Charge Marketing,Bac+3,CDI,2017-08-09,956000,Actif,,
EMP0409,Eric,Bamba,eric.bamba409@telcomci.ci,M,2004-02-28,San Pedro,DEP07,Charge Marketing,Bac,CDI,2015-08-26,777000,Inactif,2022-02-08,Mutation
EMP0410,Moussa,Diallo,moussa.diallo410@telcomci.ci,M,1978-09-10,Abidjan,DEP07,Charge Marketing,Bac+2,CDI,2021-09-29,896000,Actif,,
EMP0411,Moussa,Traore,moussa.traore411@telcomci.ci,M,1998-11-29,Bouake,DEP07,Charge Marketing,Bac+5,CDI,2017-08-11,1007000,Actif,,
EMP0412,Jean,Ndoye,jean.ndoye412@telcomci.ci,M,1985-12-24,Abidjan,DEP07,Charge Marketing,Bac+5,CDI,2018-06-06,860000,Actif,,
EMP0413,Ibrahim,Toure,ibrahim.toure413@telcomci.ci,M,1991-02-13,Abidjan,DEP07,Charge Marketing,Bac+5,CDI,2020-06-26,774000,Inactif,2024-01-23,Demission
EMP0414,Marie,Sow,marie.sow414@telcomci.ci,F,1980-04-27,Abidjan,DEP07,Charge Marketing,Bac+4,CDI,2017-05-05,821000,Actif,,
EMP0415,Eric,Ouattara,eric.ouattara415@telcomci.ci,M,1990-01-22,Abidjan,DEP07,Charge Marketing,Bac+4,CDI,2016-05-20,988000,Actif,,
EMP0416,Awa,Ouattara,awa.ouattara416@telcomci.ci,F,2001-02-13,Abidjan,DEP07,Designer,Bac+4,CDI,2021-02-23,721000,Actif,,
EMP0417,Eric,Diallo,eric.diallo417@telcomci.ci,M,2004-02-05,Abidjan,DEP07,Designer,Bac+5,Interim,2019-08-11,702000,Actif,,
EMP0418,Marie,Bamba,marie.bamba418@telcomci.ci,F,1996-09-29,Daloa,DEP07,Designer,Bac+3,CDI,2022-09-09,658000,Inactif,2024-03-15,Demission
EMP0419,Moussa,Traore,moussa.traore419@telcomci.ci,M,1992-01-15,Abidjan,DEP07,Designer,Bac+3,CDD,2021-11-05,816000,Actif,,
EMP0420,Ibrahim,Bamba,ibrahim.bamba420@telcomci.ci,M,1978-12-05,Daloa,DEP07,Designer,Bac+5,CDI,2023-10-26,824000,Inactif,2024-04-28,Retraite
EMP0421,Aminata,Ndoye,aminata.ndoye421@telcomci.ci,F,1985-07-11,Abidjan,DEP07,Designer,Bac+3,CDI,2021-10-21,732000,Actif,,
EMP0422,Ibrahim,Bamba,ibrahim.bamba422@telcomci.ci,M,2009-07-28,Abidjan,DEP07,Designer,Bac+5,CDI,2019-02-14,706000,Actif,,
EMP0423,Aminata,Kone,aminata.kone423@telcomci.ci,F,1999-01-25,San Pedro,DEP07,Designer,Bac+2,CDI,2016-11-21,668000,Actif,,
EMP0424,Adama,Bamba,adama.bamba424@telcomci.ci,M,1982-02-01,San Pedro,DEP07,Designer,Bac+4,CDI,2017-02-12,639000,Inactif,2019-08-06,Licenciement
EMP0425,Adjoua,Cisse,adjoua.cisse425@telcomci.ci,F,1977-11-15,Bouake,DEP07,Designer,Bac+4,CDI,2015-12-14,771000,Actif,,
EMP0426,Luc,Diallo,luc.diallo426@telcomci.ci,M,1990-11-04,Abidjan,DEP08,DSI,Bac+3,CDI,2015-02-05,3213000,Actif,,
EMP0427,Kouassi,Ouattara,kouassi.ouattara427@telcomci.ci,M,1998-11-04,Abidjan,DEP08,Architecte SI,Bac+2,CDI,2020-06-15,2175000,Actif,,
EMP0428,Eric,Sow,eric.sow428@telcomci.ci,M,2009-11-18,Abidjan,DEP08,Architecte SI,Bac+3,CDD,2022-03-08,2034000,Actif,,
EMP0429,Bintou,Sow,bintou.sow429@telcomci.ci,F,2013-12-16,Korhogo,DEP08,Architecte SI,Bac+3,CDI,2023-02-06,1950000,Actif,,
EMP0430,Paul,Kouassi,paul.kouassi430@telcomci.ci,M,2005-07-01,Abidjan,DEP08,Developpeur Senior,Bac+5,CDI,2015-12-16,1412000,Inactif,2023-02-26,Mutation
EMP0431,Aminata,Bamba,aminata.bamba431@telcomci.ci,F,1978-11-16,Abidjan,DEP08,Developpeur Senior,Bac+5,CDI,2022-06-21,1568000,Actif,,
EMP0432,Bintou,Diallo,bintou.diallo432@telcomci.ci,F,2010-08-26,Abidjan,DEP08,Developpeur Senior,Bac+2,CDI,2021-03-02,1508000,Actif,,
EMP0433,Jean,Camara,jean.camara433@telcomci.ci,M,2002-11-15,Abidjan,DEP08,Developpeur Senior,Bac+3,CDI,2023-03-21,1592000,Actif,,
EMP0434,Bintou,Diallo,bintou.diallo434@telcomci.ci,F,1975-04-04,Abidjan,DEP08,Developpeur Senior,Bac+3,CDI,2018-11-24,1609000,Actif,,
EMP0435,Kofi,Cisse,kofi.cisse435@telcomci.ci,M,1997-11-05,Daloa,DEP08,Developpeur Senior,Bac+3,CDI,2022-06-21,1211000,Actif,,
EMP0436,Aminata,Kouassi,aminata.kouassi436@telcomci.ci,F,1986-05-30,Bouake,DEP08,Developpeur Senior,Bac+2,CDI,2020-03-20,1492000,Actif,,
EMP0437,Ibrahim,Ouattara,ibrahim.ouattara437@telcomci.ci,M,1999-03-26,Bouake,DEP08,Developpeur Senior,Bac+3,Interim,2015-03-23,1233000,Actif,,
EMP0438,Clarisse,Diallo,clarisse.diallo438@telcomci.ci,F,1982-04-14,Abidjan,DEP08,Developpeur Senior,Bac+5,CDI,2022-10-13,1228000,Actif,,
EMP0439,Marie,Diallo,marie.diallo439@telcomci.ci,F,1998-09-21,Abidjan,DEP08,Developpeur Senior,Bac+4,CDD,2018-05-22,1438000,Actif,,
EMP0440,Awa,Camara,awa.camara440@telcomci.ci,F,1988-03-16,Abidjan,DEP08,Developpeur Senior,Bac+2,CDI,2022-09-14,1408000,Actif,,
EMP0441,Kofi,Ouattara,kofi.ouattara441@telcomci.ci,M,1989-12-04,San Pedro,DEP08,Developpeur Senior,Bac+5,CDD,2016-06-06,1587000,Actif,,
EMP0442,Kofi,Toure,kofi.toure442@telcomci.ci,M,2008-06-07,Bouake,DEP08,Developpeur Junior,Bac+2,CDD,2015-12-11,931000,Actif,,
EMP0443,Adama,Camara,adama.camara443@telcomci.ci,M,1999-05-01,Abidjan,DEP08,Developpeur Junior,Bac+5,Interim,2023-03-26,967000,Actif,,
EMP0444,Bintou,Sow,bintou.sow444@telcomci.ci,F,2000-09-05,Abidjan,DEP08,Developpeur Junior,Bac+3,CDD,2023-03-26,856000,Actif,,
EMP0445,Eric,Ouattara,eric.ouattara445@telcomci.ci,M,1976-05-09,Abidjan,DEP08,Developpeur Junior,Bac+2,CDI,2016-10-06,897000,Actif,,
EMP0446,Yao,Bamba,yao.bamba446@telcomci.ci,M,1977-03-30,Abidjan,DEP08,Developpeur Junior,Bac+2,CDI,2017-06-21,962000,Actif,,
EMP0447,Kofi,Ouattara,kofi.ouattara447@telcomci.ci,M,1984-04-20,Abidjan,DEP08,Developpeur Junior,Bac+2,CDI,2021-01-31,753000,Inactif,2022-09-25,Licenciement
EMP0448,Kouassi,Ouattara,kouassi.ouattara448@telcomci.ci,M,1989-01-18,Abidjan,DEP08,Developpeur Junior,Bac+4,CDI,2016-04-19,862000,Actif,,
EMP0449,Jean,Toure,jean.toure449@telcomci.ci,M,2000-01-11,San Pedro,DEP08,Developpeur Junior,Bac,CDI,2021-11-17,955000,Actif,,
EMP0450,Marie,Bamba,marie.bamba450@telcomci.ci,F,1999-08-23,Abidjan,DEP08,Developpeur Junior,Bac+3,CDI,2023-01-17,883000,Actif,,
EMP0451,Thierry,Diallo,thierry.diallo451@telcomci.ci,M,2013-04-19,Abidjan,DEP08,Developpeur Junior,Bac+4,CDI,2015-04-25,872000,Actif,,
EMP0452,Ibrahim,Toure,ibrahim.toure452@telcomci.ci,M,1995-10-08,Abidjan,DEP08,Developpeur Junior,Bac+2,CDI,2015-02-10,852000,Actif,,
EMP0453,Ibrahim,Ndoye,ibrahim.ndoye453@telcomci.ci,M,1990-01-01,Abidjan,DEP08,Developpeur Junior,Bac+4,CDD,2022-11-28,970000,Actif,,
EMP0454,Jean,Kouassi,jean.kouassi454@telcomci.ci,M,2005-04-24,San Pedro,DEP08,Developpeur Junior,Bac+4,CDI,2017-08-15,850000,Actif,,
EMP0455,Aminata,Camara,aminata.camara455@telcomci.ci,F,1976-01-01,Daloa,DEP08,Developpeur Junior,Bac+5,CDD,2023-11-06,789000,Actif,,
EMP0456,Bintou,Ouattara,bintou.ouattara456@telcomci.ci,F,2002-01-21,Abidjan,DEP08,Developpeur Junior,Bac+4,CDI,2020-07-04,913000,Actif,,
EMP0457,Luc,Bamba,luc.bamba457@telcomci.ci,M,1978-12-30,Abidjan,DEP08,Developpeur Junior,Bac+5,CDI,2021-06-21,890000,Actif,,
EMP0458,Aminata,Toure,aminata.toure458@telcomci.ci,F,1981-05-03,Abidjan,DEP08,Developpeur Junior,Bac+4,CDI,2019-12-21,933000,Actif,,
EMP0459,Clarisse,Bamba,clarisse.bamba459@telcomci.ci,F,2008-06-04,Abidjan,DEP08,Developpeur Junior,Bac+5,CDI,2023-04-14,959000,Inactif,2023-11-04,Fin CDD
EMP0460,Luc,Diallo,luc.diallo460@telcomci.ci,M,1983-03-07,Abidjan,DEP08,Administrateur Systeme,Bac+5,CDI,2016-09-25,934000,Actif,,
EMP0461,Thierry,Toure,thierry.toure461@telcomci.ci,M,2005-09-07,Daloa,DEP08,Administrateur Systeme,Bac+5,CDD,2022-08-14,1062000,Actif,,
EMP0462,Clarisse,Cisse,clarisse.cisse462@telcomci.ci,F,2012-06-11,Korhogo,DEP08,Administrateur Systeme,Bac+3,Interim,2017-08-19,833000,Actif,,
EMP0463,Kofi,Cisse,kofi.cisse463@telcomci.ci,M,2001-09-04,Abidjan,DEP08,Administrateur Systeme,Bac+5,CDI,2022-06-16,938000,Actif,,
EMP0464,Moussa,Camara,moussa.camara464@telcomci.ci,M,1977-01-24,Abidjan,DEP08,Administrateur Systeme,Bac+4,CDD,2016-04-14,874000,Actif,,
EMP0465,Fatoumata,Ndoye,fatoumata.ndoye465@telcomci.ci,F,1994-09-13,Abidjan,DEP08,Administrateur Systeme,Bac+3,CDI,2019-09-16,1028000,Actif,,
EMP0466,Marie,Cisse,marie.cisse466@telcomci.ci,F,1989-01-11,Daloa,DEP08,Administrateur Systeme,Bac,Interim,2016-10-05,1042000,Actif,,
EMP0467,Ibrahim,Bamba,ibrahim.bamba467@telcomci.ci,M,2012-03-31,Abidjan,DEP08,Administrateur Systeme,Bac+3,CDI,2020-03-17,970000,Actif,,
EMP0468,Ibrahim,Diallo,ibrahim.diallo468@telcomci.ci,M,2008-04-23,Daloa,DEP08,Administrateur Systeme,Bac+3,CDI,2018-01-20,876000,Inactif,2021-12-14,Retraite
EMP0469,Kouassi,Kouassi,kouassi.kouassi469@telcomci.ci,M,1992-02-18,Abidjan,DEP08,Administrateur Systeme,Bac+2,CDI,2016-08-24,940000,Actif,,
EMP0470,Clarisse,Ouattara,clarisse.ouattara470@telcomci.ci,F,1986-06-19,Daloa,DEP08,Administrateur Systeme,Bac+4,CDI,2016-10-07,1024000,Actif,,
EMP0471,Laure,Bamba,laure.bamba471@telcomci.ci,F,2004-02-27,Abidjan,DEP09,Directeur Juridique,Bac+2,CDI,2018-01-09,2615000,Actif,,
EMP0472,Luc,Diallo,luc.diallo472@telcomci.ci,M,1977-09-08,Abidjan,DEP09,Juriste Senior,Bac,CDD,2023-11-08,1532000,Actif,,
EMP0473,Luc,Bamba,luc.bamba473@telcomci.ci,M,1997-08-08,Abidjan,DEP09,Juriste Senior,Bac+2,CDI,2018-08-25,1234000,Actif,,
EMP0474,Yao,Bamba,yao.bamba474@telcomci.ci,M,1997-07-04,Bouake,DEP09,Juriste Senior,Bac+4,CDD,2018-07-15,1293000,Actif,,
EMP0475,Adama,Ndoye,adama.ndoye475@telcomci.ci,M,1997-12-23,Abidjan,DEP09,Juriste Senior,Bac+4,CDI,2021-08-03,1386000,Actif,,
EMP0476,Luc,Sow,luc.sow476@telcomci.ci,M,1979-11-10,Abidjan,DEP09,Juriste Senior,Bac+2,CDD,2018-07-21,1434000,Actif,,
EMP0477,Fatoumata,Ouattara,fatoumata.ouattara477@telcomci.ci,F,1988-08-24,Abidjan,DEP09,Juriste Junior,Bac+5,CDI,2015-08-03,927000,Actif,,
EMP0478,Kouassi,Camara,kouassi.camara478@telcomci.ci,M,2004-09-02,Abidjan,DEP09,Juriste Junior,Bac+5,CDI,2020-03-12,911000,Actif,,
EMP0479,Paul,Ouattara,paul.ouattara479@telcomci.ci,M,2012-12-02,Abidjan,DEP09,Juriste Junior,Bac,CDI,2016-06-24,820000,Actif,,
EMP0480,Eric,Kone,eric.kone480@telcomci.ci,M,2012-05-31,Daloa,DEP09,Juriste Junior,Bac+2,CDI,2022-10-19,932000,Inactif,2024-04-09,Fin CDD
EMP0481,Jean,Toure,jean.toure481@telcomci.ci,M,1990-07-03,Abidjan,DEP09,Juriste Junior,Bac+3,CDI,2015-03-22,930000,Actif,,
EMP0482,Thierry,Ouattara,thierry.ouattara482@telcomci.ci,M,2007-01-09,San Pedro,DEP09,Juriste Junior,Bac+5,CDI,2022-12-15,766000,Actif,,
EMP0483,Kofi,Kone,kofi.kone483@telcomci.ci,M,1980-07-29,Abidjan,DEP09,Juriste Junior,Bac+3,CDI,2022-05-17,942000,Actif,,
EMP0484,Thierry,Bamba,thierry.bamba484@telcomci.ci,M,2011-11-18,Bouake,DEP09,Juriste Junior,Bac+4,CDI,2023-11-01,864000,Actif,,
EMP0485,Kofi,Kone,kofi.kone485@telcomci.ci,M,1981-09-17,Abidjan,DEP09,Juriste Junior,Bac+5,CDI,2018-10-26,911000,Actif,,
EMP0486,Adjoua,Sow,adjoua.sow486@telcomci.ci,F,1982-11-27,Abidjan,DEP10,Directeur Logistique,Bac+5,CDI,2018-07-05,1957000,Actif,,
EMP0487,Adama,Cisse,adama.cisse487@telcomci.ci,M,1993-05-22,Abidjan,DEP10,Responsable Achats,Bac+3,CDI,2020-04-16,1176000,Actif,,
EMP0488,Luc,Bamba,luc.bamba488@telcomci.ci,M,1983-07-09,Bouake,DEP10,Responsable Achats,Bac+2,CDI,2020-02-17,1434000,Actif,,
EMP0489,Adjoua,Ouattara,adjoua.ouattara489@telcomci.ci,F,1983-03-31,San Pedro,DEP10,Responsable Achats,Bac+5,CDD,2016-07-30,1178000,Actif,,
EMP0490,Aida,Cisse,aida.cisse490@telcomci.ci,F,1991-03-22,Bouake,DEP10,Gestionnaire Stock,Bac,CDD,2017-01-03,826000,Inactif,2021-05-17,Mutation
EMP0491,Bintou,Diallo,bintou.diallo491@telcomci.ci,F,2001-12-12,Bouake,DEP10,Gestionnaire Stock,Bac,CDI,2019-09-08,756000,Actif,,
EMP0492,Luc,Traore,luc.traore492@telcomci.ci,M,1995-03-18,Abidjan,DEP10,Gestionnaire Stock,Bac+5,CDI,2015-11-24,654000,Actif,,
EMP0493,Aida,Traore,aida.traore493@telcomci.ci,F,2014-08-12,Abidjan,DEP10,Gestionnaire Stock,Bac+2,CDI,2022-04-12,674000,Actif,,
EMP0494,Sophie,Cisse,sophie.cisse494@telcomci.ci,F,1997-03-04,Abidjan,DEP10,Gestionnaire Stock,Bac+5,CDI,2015-06-09,717000,Actif,,
EMP0495,Jean,Kouassi,jean.kouassi495@telcomci.ci,M,1979-09-04,Abidjan,DEP10,Gestionnaire Stock,Bac+4,CDI,2019-03-30,661000,Actif,,
EMP0496,Sophie,Camara,sophie.camara496@telcomci.ci,F,1998-02-13,Korhogo,DEP10,Gestionnaire Stock,Bac+3,CDI,2016-12-06,792000,Actif,,
EMP0497,Bintou,Bamba,bintou.bamba497@telcomci.ci,F,1978-01-02,Bouake,DEP10,Gestionnaire Stock,Bac+2,CDI,2021-04-29,804000,Actif,,
EMP0498,Aida,Ndoye,aida.ndoye498@telcomci.ci,F,2005-02-08,Bouake,DEP10,Gestionnaire Stock,Bac+4,Interim,2020-03-02,717000,Actif,,
EMP0499,Kouassi,Sow,kouassi.sow499@telcomci.ci,M,1984-10-13,Abidjan,DEP10,Gestionnaire Stock,Bac+4,CDI,2020-06-05,772000,Inactif,2021-02-16,Fin CDD
EMP0500,Jean,Traore,jean.traore500@telcomci.ci,M,1983-04-24,Abidjan,DEP10,Gestionnaire Stock,Bac+4,CDI,2021-07-08,675000,Inactif,2022-06-23,Mutation
EMP0501,Eric,Traore,eric.traore501@telcomci.ci,M,1997-05-01,Abidjan,DEP10,Gestionnaire Stock,Bac+4,CDI,2019-03-31,701000,Actif,,
EMP0502,Jean,Camara,jean.camara502@telcomci.ci,M,2013-12-09,San Pedro,DEP10,Logisticien,Bac,CDI,2023-03-26,632000,Inactif,2024-04-04,Mutation
EMP0503,Adama,Kone,adama.kone503@telcomci.ci,M,1983-10-17,Abidjan,DEP10,Logisticien,Bac+5,CDD,2017-03-09,656000,Actif,,
EMP0504,Thierry,Ndoye,thierry.ndoye504@telcomci.ci,M,1989-02-12,Abidjan,DEP10,Logisticien,Bac,CDI,2019-01-09,659000,Actif,,
EMP0505,Luc,Camara,luc.camara505@telcomci.ci,M,1989-11-09,Abidjan,DEP10,Logisticien,Bac+4,CDI,2019-08-30,518000,Actif,,
EMP0506,Kouassi,Toure,kouassi.toure506@telcomci.ci,M,2010-06-01,Abidjan,DEP10,Logisticien,Bac+3,CDI,2018-11-27,548000,Actif,,
EMP0507,Awa,Traore,awa.traore507@telcomci.ci,F,1990-01-18,Abidjan,DEP10,Logisticien,Bac+2,CDI,2021-05-29,578000,Actif,,
EMP0508,Laure,Sow,laure.sow508@telcomci.ci,F,2013-04-06,Abidjan,DEP10,Logisticien,Bac+5,CDI,2017-11-10,679000,Actif,,
EMP0509,Thierry,Sow,thierry.sow509@telcomci.ci,M,1991-07-26,Abidjan,DEP10,Logisticien,Bac+5,CDI,2023-09-26,605000,Actif,,
EMP0510,Kouassi,Toure,kouassi.toure510@telcomci.ci,M,1986-12-25,Korhogo,DEP10,Logisticien,Bac+5,CDI,2018-09-12,584000,Actif,,
