evaluation_id,employe_id,departement_id,annee,note_performance,note_competences,note_attitude,note_globale,recommandation,evaluateur_id
EVA00001,EMP0001,DEP01,2021,4.3,4.4,4.2,4.3,Promotion,EMP0026
EVA00002,EMP0001,DEP01,2022,4.0,4.0,3.6,3.87,Promotion,EMP0033
EVA00003,EMP0001,DEP01,2023,3.0,3.0,3.3,3.1,Augmentation,EMP0017
EVA00004,EMP0002,DEP01,2021,3.2,5.0,4.0,4.07,Formation,EMP0004
EVA00005,EMP0002,DEP01,2022,4.3,3.7,3.1,3.7,Formation,EMP0026
EVA00006,EMP0002,DEP01,2023,3.9,2.9,4.0,3.6,Augmentation,EMP0015
EVA00007,EMP0003,DEP01,2022,3.2,4.2,3.5,3.63,Formation,EMP0028
EVA00008,EMP0003,DEP01,2023,4.2,3.8,4.6,4.2,Formation,EMP0004
EVA00009,EMP0004,DEP01,2021,5.0,3.1,4.5,4.2,Formation,EMP0030
EVA00010,EMP0004,DEP01,2022,4.3,4.9,4.5,4.57,Formation,EMP0019
EVA00011,EMP0004,DEP01,2023,3.8,3.0,4.2,3.67,Formation,EMP0011
EVA00012,EMP0005,DEP01,2021,2.6,4.8,3.2,3.53,Formation,EMP0012
EVA00013,EMP0005,DEP01,2022,3.0,3.7,3.4,3.37,Statu quo,EMP0031
EVA00014,EMP0005,DEP01,2023,3.0,3.0,3.6,3.2,Statu quo,EMP0012
EVA00015,EMP0006,DEP02,2021,3.0,4.2,3.9,3.7,Augmentation,EMP0015
EVA00016,EMP0006,DEP02,2022,3.8,3.4,4.0,3.73,Statu quo,EMP0012
EVA00017,EMP0006,DEP02,2023,2.6,3.5,3.8,3.3,Augmentation,EMP0010
EVA00018,EMP0007,DEP02,2021,3.9,4.0,4.3,4.07,Promotion,EMP0022
EVA00019,EMP0007,DEP02,2022,3.7,4.4,3.9,4.0,Statu quo,EMP0027
EVA00020,EMP0007,DEP02,2023,3.7,2.7,4.3,3.57,Formation,EMP0029
EVA00021,EMP0008,DEP02,2021,2.5,3.0,3.1,2.87,Statu quo,EMP0033
EVA00022,EMP0008,DEP02,2022,4.6,4.9,5.0,4.83,Augmentation,EMP0001
EVA00023,EMP0008,DEP02,2023,3.7,4.7,4.4,4.27,Augmentation,EMP0049
EVA00024,EMP0009,DEP02,2022,3.9,4.3,4.9,4.37,Attention,EMP0041
EVA00025,EMP0009,DEP02,2023,3.8,2.9,4.2,3.63,Statu quo,EMP0042
EVA00026,EMP0010,DEP02,2021,3.6,4.0,4.1,3.9,Attention,EMP0029
EVA00027,EMP0010,DEP02,2022,4.6,3.5,4.1,4.07,Statu quo,EMP0042
EVA00028,EMP0010,DEP02,2023,2.6,4.3,4.5,3.8,Formation,EMP0026
EVA00029,EMP0011,DEP02,2021,4.8,5.0,4.6,4.8,Attention,EMP0027
EVA00030,EMP0011,DEP02,2022,4.8,4.8,4.2,4.6,Augmentation,EMP0024
EVA00031,EMP0011,DEP02,2023,2.9,3.7,4.5,3.7,Formation,EMP0044
EVA00032,EMP0013,DEP02,2021,4.4,3.0,3.3,3.57,Statu quo,EMP0040
EVA00033,EMP0013,DEP02,2022,3.3,4.8,4.7,4.27,Formation,EMP0009
EVA00034,EMP0013,DEP02,2023,4.6,4.7,4.1,4.47,Attention,EMP0029
EVA00035,EMP0014,DEP02,2021,3.8,2.6,4.1,3.5,Statu quo,EMP0041
EVA00036,EMP0014,DEP02,2022,2.8,3.6,4.2,3.53,Statu quo,EMP0049
EVA00037,EMP0014,DEP02,2023,4.3,3.1,4.7,4.03,Statu quo,EMP0026
EVA00038,EMP0015,DEP02,2021,4.6,2.8,4.9,4.1,Formation,EMP0044
EVA00039,EMP0015,DEP02,2022,5.0,3.0,4.6,4.2,Formation,EMP0028
EVA00040,EMP0015,DEP02,2023,5.0,3.3,3.2,3.83,Statu quo,EMP0003
EVA00041,EMP0016,DEP02,2021,3.6,3.9,5.0,4.17,Formation,EMP0033
EVA00042,EMP0016,DEP02,2022,4.2,4.3,3.4,3.97,Formation,EMP0004
EVA00043,EMP0016,DEP02,2023,3.4,2.6,3.6,3.2,Attention,EMP0046
EVA00044,EMP0018,DEP02,2023,3.1,4.9,3.8,3.93,Attention,EMP0015
EVA00045,EMP0019,DEP02,2021,4.7,3.7,3.8,4.07,Augmentation,EMP0048
EVA00046,EMP0019,DEP02,2022,3.1,3.7,3.7,3.5,Statu quo,EMP0010
EVA00047,EMP0019,DEP02,2023,3.2,3.6,3.2,3.33,Augmentation,EMP0006
EVA00048,EMP0020,DEP02,2021,4.3,3.5,4.2,4.0,Formation,EMP0039
EVA00049,EMP0020,DEP02,2022,4.7,3.5,4.4,4.2,Augmentation,EMP0021
EVA00050,EMP0020,DEP02,2023,3.8,2.8,4.2,3.6,Statu quo,EMP0022
EVA00051,EMP0021,DEP02,2021,2.9,5.0,3.2,3.7,Statu quo,EMP0044
EVA00052,EMP0021,DEP02,2022,3.1,2.8,4.4,3.43,Statu quo,EMP0025
EVA00053,EMP0021,DEP02,2023,4.2,3.5,3.3,3.67,Statu quo,EMP0025
EVA00054,EMP0022,DEP02,2021,3.5,4.6,4.3,4.13,Formation,EMP0043
EVA00055,EMP0022,DEP02,2022,4.0,2.8,3.3,3.37,Statu quo,EMP0014
EVA00056,EMP0022,DEP02,2023,3.8,2.6,3.1,3.17,Formation,EMP0048
EVA00057,EMP0023,DEP02,2021,4.1,2.9,3.1,3.37,Statu quo,EMP0018
EVA00058,EMP0023,DEP02,2022,3.6,4.3,3.3,3.73,Formation,EMP0008
EVA00059,EMP0023,DEP02,2023,2.8,3.4,4.8,3.67,Statu quo,EMP0041
EVA00060,EMP0024,DEP02,2021,2.8,3.2,4.8,3.6,Statu quo,EMP0002
EVA00061,EMP0024,DEP02,2022,4.0,2.9,4.9,3.93,Statu quo,EMP0021
EVA00062,EMP0024,DEP02,2023,3.5,3.6,4.2,3.77,Formation,EMP0012
EVA00063,EMP0025,DEP02,2021,3.0,4.2,4.4,3.87,Formation,EMP0029
EVA00064,EMP0025,DEP02,2022,2.6,3.6,4.6,3.6,Statu quo,EMP0024
EVA00065,EMP0025,DEP02,2023,4.8,4.3,4.6,4.57,Formation,EMP0021
EVA00066,EMP0026,DEP02,2021,4.8,4.1,4.8,4.57,Statu quo,EMP0009
EVA00067,EMP0026,DEP02,2022,3.6,2.8,3.8,3.4,Statu quo,EMP0002
EVA00068,EMP0026,DEP02,2023,4.6,3.8,3.9,4.1,Promotion,EMP0046
EVA00069,EMP0027,DEP02,2021,3.4,5.0,4.5,4.3,Formation,EMP0025
EVA00070,EMP0027,DEP02,2022,2.6,4.9,4.4,3.97,Promotion,EMP0043
EVA00071,EMP0027,DEP02,2023,4.3,2.7,4.3,3.77,Formation,EMP0037
EVA00072,EMP0028,DEP02,2021,4.1,3.6,3.1,3.6,Statu quo,EMP0011
EVA00073,EMP0028,DEP02,2022,3.2,4.0,4.2,3.8,Promotion,EMP0002
EVA00074,EMP0028,DEP02,2023,3.6,3.0,3.9,3.5,Statu quo,EMP0049
EVA00075,EMP0029,DEP02,2023,2.5,3.3,4.1,3.3,Statu quo,EMP0002
EVA00076,EMP0030,DEP02,2022,3.5,3.1,3.6,3.4,Statu quo,EMP0016
EVA00077,EMP0030,DEP02,2023,3.3,3.2,3.6,3.37,Statu quo,EMP0004
EVA00078,EMP0032,DEP02,2022,3.5,4.1,4.3,3.97,Promotion,EMP0028
EVA00079,EMP0032,DEP02,2023,3.3,3.1,4.7,3.7,Augmentation,EMP0039
EVA00080,EMP0034,DEP02,2023,3.8,3.9,4.6,4.1,Formation,EMP0016
EVA00081,EMP0035,DEP02,2021,3.2,4.0,4.5,3.9,Attention,EMP0030
EVA00082,EMP0035,DEP02,2022,3.7,2.8,5.0,3.83,Statu quo,EMP0031
EVA00083,EMP0035,DEP02,2023,2.9,3.6,4.1,3.53,Augmentation,EMP0031
EVA00084,EMP0037,DEP02,2021,4.1,3.1,5.0,4.07,Attention,EMP0036
EVA00085,EMP0037,DEP02,2022,3.2,3.6,4.8,3.87,Formation,EMP0033
EVA00086,EMP0037,DEP02,2023,3.0,4.3,4.2,3.83,Formation,EMP0047
EVA00087,EMP0038,DEP02,2022,4.3,2.6,3.5,3.47,Augmentation,EMP0048
EVA00088,EMP0038,DEP02,2023,2.6,3.4,3.4,3.13,Augmentation,EMP0006
EVA00089,EMP0039,DEP02,2023,2.9,4.6,3.2,3.57,Statu quo,EMP0009
EVA00090,EMP0040,DEP02,2021,2.6,3.6,3.8,3.33,Formation,EMP0003
EVA00091,EMP0040,DEP02,2022,4.3,3.3,3.4,3.67,Statu quo,EMP0005
EVA00092,EMP0040,DEP02,2023,4.5,4.0,3.6,4.03,Formation,EMP0009
EVA00093,EMP0041,DEP02,2021,3.4,4.0,5.0,4.13,Formation,EMP0046
EVA00094,EMP0041,DEP02,2022,3.0,2.8,4.1,3.3,Attention,EMP0047
EVA00095,EMP0041,DEP02,2023,3.7,4.5,3.9,4.03,Statu quo,EMP0007
EVA00096,EMP0043,DEP02,2021,4.2,4.0,4.0,4.07,Attention,EMP0040
EVA00097,EMP0043,DEP02,2022,3.9,3.3,4.8,4.0,Statu quo,EMP0017
EVA00098,EMP0043,DEP02,2023,4.2,3.4,3.8,3.8,Augmentation,EMP0028
EVA00099,EMP0044,DEP02,2021,4.6,4.2,4.6,4.47,Formation,EMP0005
EVA00100,EMP0044,DEP02,2022,3.4,3.4,4.9,3.9,Statu quo,EMP0049
EVA00101,EMP0044,DEP02,2023,4.8,4.1,3.5,4.13,Formation,EMP0018
EVA00102,EMP0045,DEP02,2021,3.7,4.3,3.3,3.77,Formation,EMP0043
EVA00103,EMP0045,DEP02,2022,4.6,4.9,3.6,4.37,Augmentation,EMP0019
EVA00104,EMP0045,DEP02,2023,2.8,4.6,3.9,3.77,Augmentation,EMP0002
EVA00105,EMP0046,DEP02,2021,4.4,4.5,3.7,4.2,Attention,EMP0012
EVA00106,EMP0046,DEP02,2022,3.2,4.7,3.3,3.73,Attention,EMP0023
EVA00107,EMP0046,DEP02,2023,4.0,4.8,3.4,4.07,Formation,EMP0043
EVA00108,EMP0047,DEP02,2021,4.6,4.7,3.6,4.3,Statu quo,EMP0043
EVA00109,EMP0047,DEP02,2022,3.5,3.3,4.0,3.6,Statu quo,EMP0033
EVA00110,EMP0047,DEP02,2023,3.1,4.5,5.0,4.2,Formation,EMP0026
EVA00111,EMP0049,DEP02,2023,4.6,4.7,3.5,4.27,Statu quo,EMP0018
EVA00112,EMP0050,DEP02,2021,4.3,2.6,4.2,3.7,Statu quo,EMP0046
EVA00113,EMP0050,DEP02,2022,4.0,2.6,3.2,3.27,Statu quo,EMP0049
EVA00114,EMP0050,DEP02,2023,4.9,3.5,4.6,4.33,Promotion,EMP0024
EVA00115,EMP0051,DEP02,2023,4.6,4.6,3.7,4.3,Formation,EMP0039
EVA00116,EMP0052,DEP02,2023,4.4,4.0,3.9,4.1,Attention,EMP0045
EVA00117,EMP0053,DEP02,2021,4.4,3.5,4.0,3.97,Promotion,EMP0015
EVA00118,EMP0053,DEP02,2022,4.6,3.4,3.6,3.87,Augmentation,EMP0040
EVA00119,EMP0053,DEP02,2023,2.9,4.9,4.5,4.1,Formation,EMP0033
EVA00120,EMP0054,DEP02,2021,2.8,4.3,3.4,3.5,Formation,EMP0006
EVA00121,EMP0054,DEP02,2022,4.9,4.0,4.6,4.5,Augmentation,EMP0005
EVA00122,EMP0054,DEP02,2023,4.7,4.5,4.4,4.53,Statu quo,EMP0017
EVA00123,EMP0055,DEP02,2021,3.2,4.0,3.1,3.43,Augmentation,EMP0044
EVA00124,EMP0055,DEP02,2022,2.5,3.1,3.3,2.97,Formation,EMP0026
EVA00125,EMP0055,DEP02,2023,4.6,4.9,3.3,4.27,Augmentation,EMP0048
EVA00126,EMP0056,DEP02,2021,2.9,4.4,3.2,3.5,Statu quo,EMP0042
EVA00127,EMP0056,DEP02,2022,3.2,4.4,4.0,3.87,Augmentation,EMP0007
EVA00128,EMP0056,DEP02,2023,3.8,5.0,4.0,4.27,Augmentation,EMP0020
EVA00129,EMP0057,DEP02,2022,3.9,3.1,4.8,3.93,Statu quo,EMP0034
EVA00130,EMP0057,DEP02,2023,4.0,4.2,3.5,3.9,Statu quo,EMP0007
EVA00131,EMP0058,DEP02,2021,3.7,3.7,4.1,3.83,Statu quo,EMP0034
EVA00132,EMP0058,DEP02,2022,3.6,4.3,4.0,3.97,Statu quo,EMP0035
EVA00133,EMP0058,DEP02,2023,3.2,3.9,3.9,3.67,Formation,EMP0046
EVA00134,EMP0059,DEP02,2021,3.8,2.5,3.8,3.37,Formation,EMP0004
EVA00135,EMP0059,DEP02,2022,4.1,5.0,4.7,4.6,Attention,EMP0038
EVA00136,EMP0059,DEP02,2023,2.7,3.2,3.6,3.17,Promotion,EMP0047
EVA00137,EMP0060,DEP02,2021,4.6,4.7,4.2,4.5,Statu quo,EMP0002
EVA00138,EMP0060,DEP02,2022,3.6,2.9,4.9,3.8,Statu quo,EMP0036
EVA00139,EMP0060,DEP02,2023,3.4,2.8,4.6,3.6,Statu quo,EMP0044
EVA00140,EMP0061,DEP02,2021,5.0,3.5,4.9,4.47,Statu quo,EMP0027
EVA00141,EMP0061,DEP02,2022,4.3,4.8,4.7,4.6,Augmentation,EMP0040
EVA00142,EMP0061,DEP02,2023,3.8,2.6,4.3,3.57,Formation,EMP0043
EVA00143,EMP0062,DEP02,2021,3.8,3.5,3.1,3.47,Augmentation,EMP0021
EVA00144,EMP0062,DEP02,2022,3.1,4.1,4.1,3.77,Augmentation,EMP0038
EVA00145,EMP0062,DEP02,2023,3.2,3.5,4.8,3.83,Attention,EMP0003
EVA00146,EMP0063,DEP02,2021,2.6,4.0,3.8,3.47,Formation,EMP0019
EVA00147,EMP0063,DEP02,2022,3.6,4.1,3.6,3.77,Statu quo,EMP0011
EVA00148,EMP0063,DEP02,2023,3.4,4.8,3.7,3.97,Promotion,EMP0021
EVA00149,EMP0065,DEP02,2023,2.9,4.3,4.1,3.77,Formation,EMP0031
EVA00150,EMP0066,DEP02,2021,2.9,3.5,3.9,3.43,Formation,EMP0005
EVA00151,EMP0066,DEP02,2022,3.8,4.3,4.3,4.13,Statu quo,EMP0027
EVA00152,EMP0066,DEP02,2023,3.0,4.0,3.3,3.43,Statu quo,EMP0028
EVA00153,EMP0067,DEP02,2021,3.6,4.0,4.7,4.1,Formation,EMP0020
EVA00154,EMP0067,DEP02,2022,4.7,3.4,3.8,3.97,Augmentation,EMP0005
EVA00155,EMP0067,DEP02,2023,3.6,3.8,4.7,4.03,Statu quo,EMP0047
EVA00156,EMP0068,DEP02,2023,4.4,4.6,3.1,4.03,Statu quo,EMP0026
EVA00157,EMP0069,DEP02,2021,2.6,3.3,4.5,3.47,Statu quo,EMP0043
EVA00158,EMP0069,DEP02,2022,3.7,2.7,3.3,3.23,Augmentation,EMP0044
EVA00159,EMP0069,DEP02,2023,3.4,3.8,4.3,3.83,Augmentation,EMP0006
EVA00160,EMP0070,DEP02,2021,2.9,4.4,3.6,3.63,Augmentation,EMP0010
EVA00161,EMP0070,DEP02,2022,3.6,3.1,3.7,3.47,Statu quo,EMP0023
EVA00162,EMP0070,DEP02,2023,2.9,3.1,3.1,3.03,Attention,EMP0017
EVA00163,EMP0071,DEP02,2021,4.2,3.7,4.1,4.0,Augmentation,EMP0037
EVA00164,EMP0071,DEP02,2022,3.3,4.6,4.5,4.13,Augmentation,EMP0020
EVA00165,EMP0071,DEP02,2023,4.4,2.7,3.4,3.5,Augmentation,EMP0024
EVA00166,EMP0072,DEP02,2021,3.1,4.8,3.7,3.87,Formation,EMP0012
EVA00167,EMP0072,DEP02,2022,2.7,2.7,3.4,2.93,Augmentation,EMP0029
EVA00168,EMP0072,DEP02,2023,3.0,2.9,4.3,3.4,Attention,EMP0017
EVA00169,EMP0074,DEP02,2021,2.5,4.3,4.3,3.7,Statu quo,EMP0031
EVA00170,EMP0074,DEP02,2022,3.8,4.8,3.3,3.97,Formation,EMP0034
EVA00171,EMP0074,DEP02,2023,4.1,4.8,4.0,4.3,Attention,EMP0032
EVA00172,EMP0075,DEP02,2021,4.2,4.5,4.5,4.4,Formation,EMP0033
EVA00173,EMP0075,DEP02,2022,4.4,2.6,4.9,3.97,Statu quo,EMP0011
EVA00174,EMP0075,DEP02,2023,2.7,3.2,3.5,3.13,Augmentation,EMP0032
EVA00175,EMP0076,DEP02,2021,4.2,4.7,4.4,4.43,Formation,EMP0021
EVA00176,EMP0076,DEP02,2022,4.7,4.2,3.8,4.23,Statu quo,EMP0048
EVA00177,EMP0076,DEP02,2023,3.5,2.9,4.2,3.53,Statu quo,EMP0049
EVA00178,EMP0077,DEP02,2022,4.8,4.6,4.2,4.53,Promotion,EMP0018
EVA00179,EMP0077,DEP02,2023,2.5,4.1,4.6,3.73,Formation,EMP0017
EVA00180,EMP0078,DEP02,2021,2.9,3.0,4.3,3.4,Formation,EMP0002
EVA00181,EMP0078,DEP02,2022,2.8,3.8,4.7,3.77,Formation,EMP0046
EVA00182,EMP0078,DEP02,2023,3.9,4.8,3.2,3.97,Augmentation,EMP0008
EVA00183,EMP0079,DEP02,2021,3.9,3.3,4.8,4.0,Statu quo,EMP0010
EVA00184,EMP0079,DEP02,2022,4.7,4.1,4.0,4.27,Augmentation,EMP0008
EVA00185,EMP0079,DEP02,2023,4.1,4.7,3.1,3.97,Formation,EMP0002
EVA00186,EMP0080,DEP02,2021,3.5,2.6,3.2,3.1,Statu quo,EMP0046
EVA00187,EMP0080,DEP02,2022,4.3,2.8,3.4,3.5,Statu quo,EMP0014
EVA00188,EMP0080,DEP02,2023,2.9,3.6,4.1,3.53,Promotion,EMP0034
EVA00189,EMP0081,DEP02,2021,3.1,4.8,4.8,4.23,Formation,EMP0020
EVA00190,EMP0081,DEP02,2022,4.1,5.0,4.9,4.67,Statu quo,EMP0043
EVA00191,EMP0081,DEP02,2023,3.7,2.9,4.1,3.57,Formation,EMP0005
EVA00192,EMP0082,DEP02,2021,2.7,4.6,4.9,4.07,Augmentation,EMP0032
EVA00193,EMP0082,DEP02,2022,4.1,4.5,4.1,4.23,Attention,EMP0023
EVA00194,EMP0082,DEP02,2023,3.2,3.7,4.0,3.63,Augmentation,EMP0026
EVA00195,EMP0083,DEP02,2021,4.5,4.0,3.7,4.07,Formation,EMP0011
EVA00196,EMP0083,DEP02,2022,3.6,3.8,3.7,3.7,Statu quo,EMP0019
EVA00197,EMP0083,DEP02,2023,4.8,3.8,4.4,4.33,Attention,EMP0001
EVA00198,EMP0084,DEP02,2021,3.0,2.7,3.9,3.2,Formation,EMP0010
EVA00199,EMP0084,DEP02,2022,3.9,3.6,3.4,3.63,Formation,EMP0006
EVA00200,EMP0084,DEP02,2023,3.8,3.2,3.2,3.4,Promotion,EMP0002
EVA00201,EMP0085,DEP02,2022,4.3,3.1,4.3,3.9,Statu quo,EMP0017
EVA00202,EMP0085,DEP02,2023,2.8,4.0,3.1,3.3,Statu quo,EMP0025
EVA00203,EMP0087,DEP02,2021,4.4,3.5,3.5,3.8,Statu quo,EMP0018
EVA00204,EMP0087,DEP02,2022,2.9,4.4,3.7,3.67,Statu quo,EMP0028
EVA00205,EMP0087,DEP02,2023,4.6,3.2,3.5,3.77,Formation,EMP0017
EVA00206,EMP0088,DEP02,2021,2.8,3.3,4.3,3.47,Promotion,EMP0040
EVA00207,EMP0088,DEP02,2022,2.6,4.4,4.0,3.67,Statu quo,EMP0035
EVA00208,EMP0088,DEP02,2023,3.8,3.9,3.8,3.83,Attention,EMP0013
EVA00209,EMP0089,DEP02,2022,2.6,3.5,4.7,3.6,Augmentation,EMP0016
EVA00210,EMP0089,DEP02,2023,3.6,2.9,3.2,3.23,Formation,EMP0046
EVA00211,EMP0090,DEP02,2021,4.8,4.8,4.1,4.57,Augmentation,EMP0028
EVA00212,EMP0090,DEP02,2022,3.5,3.1,3.2,3.27,Formation,EMP0023
EVA00213,EMP0090,DEP02,2023,3.4,4.3,3.8,3.83,Promotion,EMP0034
EVA00214,EMP0091,DEP02,2022,4.2,4.2,3.3,3.9,Statu quo,EMP0001
EVA00215,EMP0091,DEP02,2023,4.2,2.9,3.6,3.57,Attention,EMP0003
EVA00216,EMP0093,DEP02,2021,3.1,3.8,3.4,3.43,Statu quo,EMP0020
EVA00217,EMP0093,DEP02,2022,4.5,4.5,4.2,4.4,Statu quo,EMP0047
EVA00218,EMP0093,DEP02,2023,4.7,2.9,3.5,3.7,Attention,EMP0016
EVA00219,EMP0094,DEP02,2023,4.9,3.8,4.0,4.23,Augmentation,EMP0028
EVA00220,EMP0095,DEP02,2021,2.6,3.3,3.8,3.23,Statu quo,EMP0033
EVA00221,EMP0095,DEP02,2022,4.9,4.9,4.6,4.8,Augmentation,EMP0032
EVA00222,EMP0095,DEP02,2023,3.6,3.2,4.3,3.7,Formation,EMP0003
EVA00223,EMP0096,DEP02,2021,4.7,3.4,3.8,3.97,Statu quo,EMP0006
EVA00224,EMP0096,DEP02,2022,3.1,4.2,4.1,3.8,Augmentation,EMP0029
EVA00225,EMP0096,DEP02,2023,3.7,4.8,3.4,3.97,Formation,EMP0043
EVA00226,EMP0098,DEP02,2021,3.8,4.9,3.6,4.1,Statu quo,EMP0014
EVA00227,EMP0098,DEP02,2022,4.6,3.1,4.5,4.07,Attention,EMP0039
EVA00228,EMP0098,DEP02,2023,4.0,2.9,3.2,3.37,Augmentation,EMP0047
EVA00229,EMP0099,DEP02,2021,4.0,3.5,4.4,3.97,Statu quo,EMP0040
EVA00230,EMP0099,DEP02,2022,4.8,2.7,3.5,3.67,Statu quo,EMP0009
EVA00231,EMP0099,DEP02,2023,3.0,3.1,5.0,3.7,Attention,EMP0027
EVA00232,EMP0100,DEP02,2021,2.9,3.1,3.5,3.17,Augmentation,EMP0040
EVA00233,EMP0100,DEP02,2022,4.9,2.9,4.5,4.1,Promotion,EMP0008
EVA00234,EMP0100,DEP02,2023,2.7,2.7,3.5,2.97,Attention,EMP0027
EVA00235,EMP0101,DEP03,2021,4.1,4.1,3.6,3.93,Statu quo,EMP0046
EVA00236,EMP0101,DEP03,2022,3.7,4.2,4.7,4.2,Attention,EMP0034
EVA00237,EMP0101,DEP03,2023,5.0,3.7,3.1,3.93,Augmentation,EMP0035
EVA00238,EMP0102,DEP03,2021,3.3,3.4,4.3,3.67,Formation,EMP0010
EVA00239,EMP0102,DEP03,2022,4.1,4.9,3.1,4.03,Promotion,EMP0033
EVA00240,EMP0102,DEP03,2023,3.9,3.7,4.7,4.1,Augmentation,EMP0033
EVA00241,EMP0103,DEP03,2021,3.9,4.8,3.9,4.2,Statu quo,EMP0008
EVA00242,EMP0103,DEP03,2022,3.4,2.6,4.1,3.37,Statu quo,EMP0004
EVA00243,EMP0103,DEP03,2023,4.9,4.1,3.0,4.0,Statu quo,EMP0005
EVA00244,EMP0104,DEP03,2021,4.3,3.2,4.5,4.0,Attention,EMP0017
EVA00245,EMP0104,DEP03,2022,2.7,3.9,4.1,3.57,Augmentation,EMP0017
EVA00246,EMP0104,DEP03,2023,4.2,3.2,3.1,3.5,Statu quo,EMP0017
EVA00247,EMP0105,DEP03,2021,4.1,3.1,4.9,4.03,Statu quo,EMP0007
EVA00248,EMP0105,DEP03,2022,3.8,3.1,3.3,3.4,Attention,EMP0048
EVA00249,EMP0105,DEP03,2023,4.7,4.4,4.0,4.37,Formation,EMP0041
EVA00250,EMP0106,DEP03,2021,2.5,3.8,4.4,3.57,Statu quo,EMP0035
EVA00251,EMP0106,DEP03,2022,3.6,4.4,3.2,3.73,Augmentation,EMP0011
EVA00252,EMP0106,DEP03,2023,3.3,3.4,3.7,3.47,Formation,EMP0008
EVA00253,EMP0107,DEP03,2023,3.6,3.7,4.5,3.93,Augmentation,EMP0048
EVA00254,EMP0108,DEP03,2021,2.5,2.6,4.2,3.1,Statu quo,EMP0018
EVA00255,EMP0108,DEP03,2022,3.3,3.5,3.4,3.4,Augmentation,EMP0033
EVA00256,EMP0108,DEP03,2023,3.9,4.3,4.8,4.33,Statu quo,EMP0044
EVA00257,EMP0109,DEP03,2021,3.0,4.3,4.5,3.93,Formation,EMP0006
EVA00258,EMP0109,DEP03,2022,3.7,3.3,4.3,3.77,Augmentation,EMP0031
EVA00259,EMP0109,DEP03,2023,3.3,3.5,4.2,3.67,Statu quo,EMP0011
EVA00260,EMP0111,DEP03,2021,4.3,3.2,4.2,3.9,Augmentation,EMP0031
EVA00261,EMP0111,DEP03,2022,3.7,4.2,3.4,3.77,Attention,EMP0030
EVA00262,EMP0111,DEP03,2023,4.2,3.7,4.5,4.13,Statu quo,EMP0021
EVA00263,EMP0112,DEP03,2021,2.8,4.8,4.3,3.97,Formation,EMP0049
EVA00264,EMP0112,DEP03,2022,3.2,4.4,3.8,3.8,Statu quo,EMP0034
EVA00265,EMP0112,DEP03,2023,3.2,4.5,4.8,4.17,Attention,EMP0017
EVA00266,EMP0113,DEP03,2021,4.3,3.8,3.2,3.77,Statu quo,EMP0039
EVA00267,EMP0113,DEP03,2022,3.9,2.7,4.4,3.67,Augmentation,EMP0010
EVA00268,EMP0113,DEP03,2023,3.7,4.7,3.5,3.97,Augmentation,EMP0030
EVA00269,EMP0116,DEP03,2021,3.9,3.7,3.3,3.63,Statu quo,EMP0003
EVA00270,EMP0116,DEP03,2022,4.4,3.0,3.5,3.63,Statu quo,EMP0045
EVA00271,EMP0116,DEP03,2023,4.2,4.9,3.2,4.1,Formation,EMP0027
EVA00272,EMP0117,DEP03,2021,2.8,4.9,3.9,3.87,Statu quo,EMP0049
EVA00273,EMP0117,DEP03,2022,3.6,4.6,4.8,4.33,Augmentation,EMP0006
EVA00274,EMP0117,DEP03,2023,2.6,3.2,4.1,3.3,Statu quo,EMP0037
EVA00275,EMP0118,DEP03,2021,3.4,3.2,3.3,3.3,Augmentation,EMP0032
EVA00276,EMP0118,DEP03,2022,3.2,4.6,3.6,3.8,Attention,EMP0007
EVA00277,EMP0118,DEP03,2023,3.1,3.7,3.3,3.37,Promotion,EMP0014
EVA00278,EMP0119,DEP03,2021,3.3,3.4,3.8,3.5,Statu quo,EMP0031
EVA00279,EMP0119,DEP03,2022,3.5,2.7,3.6,3.27,Statu quo,EMP0022
EVA00280,EMP0119,DEP03,2023,2.9,3.3,4.0,3.4,Attention,EMP0049
EVA00281,EMP0120,DEP03,2021,2.8,4.5,4.4,3.9,Formation,EMP0030
EVA00282,EMP0120,DEP03,2022,3.9,2.9,3.6,3.47,Formation,EMP0038
EVA00283,EMP0120,DEP03,2023,3.3,4.4,4.3,4.0,Statu quo,EMP0004
EVA00284,EMP0121,DEP03,2021,3.4,2.7,4.6,3.57,Promotion,EMP0026
EVA00285,EMP0121,DEP03,2022,3.3,4.2,4.5,4.0,Promotion,EMP0001
EVA00286,EMP0121,DEP03,2023,2.8,4.4,4.5,3.9,Statu quo,EMP0030
EVA00287,EMP0122,DEP03,2021,2.7,3.9,3.5,3.37,Formation,EMP0022
EVA00288,EMP0122,DEP03,2022,2.7,4.0,3.3,3.33,Formation,EMP0049
EVA00289,EMP0122,DEP03,2023,3.8,3.6,4.3,3.9,Attention,EMP0030
EVA00290,EMP0123,DEP03,2021,4.9,3.0,5.0,4.3,Formation,EMP0040
EVA00291,EMP0123,DEP03,2022,2.6,3.6,3.5,3.23,Statu quo,EMP0011
EVA00292,EMP0123,DEP03,2023,3.9,3.2,3.4,3.5,Statu quo,EMP0005
EVA00293,EMP0124,DEP03,2021,3.8,3.3,4.5,3.87,Statu quo,EMP0006
EVA00294,EMP0124,DEP03,2022,3.0,5.0,3.7,3.9,Augmentation,EMP0022
EVA00295,EMP0124,DEP03,2023,2.8,2.8,4.9,3.5,Attention,EMP0045
EVA00296,EMP0125,DEP03,2021,4.2,4.6,4.1,4.3,Statu quo,EMP0025
EVA00297,EMP0125,DEP03,2022,4.9,2.9,3.3,3.7,Statu quo,EMP0039
EVA00298,EMP0125,DEP03,2023,3.0,3.3,4.4,3.57,Formation,EMP0035
EVA00299,EMP0126,DEP03,2021,4.7,4.6,4.0,4.43,Statu quo,EMP0002
EVA00300,EMP0126,DEP03,2022,2.7,3.6,3.9,3.4,Statu quo,EMP0032
EVA00301,EMP0126,DEP03,2023,4.7,2.6,4.7,4.0,Statu quo,EMP0021
EVA00302,EMP0127,DEP03,2021,3.5,4.7,3.7,3.97,Statu quo,EMP0001
EVA00303,EMP0127,DEP03,2022,3.9,4.0,4.0,3.97,Formation,EMP0049
EVA00304,EMP0127,DEP03,2023,3.5,3.0,3.8,3.43,Statu quo,EMP0045
EVA00305,EMP0128,DEP03,2021,3.7,4.3,3.5,3.83,Statu quo,EMP0044
EVA00306,EMP0128,DEP03,2022,3.8,4.1,4.4,4.1,Statu quo,EMP0043
EVA00307,EMP0128,DEP03,2023,3.4,4.1,3.8,3.77,Formation,EMP0008
EVA00308,EMP0130,DEP03,2021,3.5,2.6,4.5,3.53,Statu quo,EMP0024
EVA00309,EMP0130,DEP03,2022,2.8,3.2,4.2,3.4,Formation,EMP0006
EVA00310,EMP0130,DEP03,2023,3.7,4.6,3.2,3.83,Statu quo,EMP0036
EVA00311,EMP0131,DEP03,2023,3.4,3.3,4.9,3.87,Statu quo,EMP0044
EVA00312,EMP0132,DEP03,2021,2.6,4.7,3.3,3.53,Attention,EMP0010
EVA00313,EMP0132,DEP03,2022,3.2,3.5,3.1,3.27,Formation,EMP0049
EVA00314,EMP0132,DEP03,2023,3.6,4.8,3.5,3.97,Statu quo,EMP0010
EVA00315,EMP0133,DEP03,2021,3.0,4.0,3.6,3.53,Statu quo,EMP0021
EVA00316,EMP0133,DEP03,2022,4.7,4.8,3.5,4.33,Augmentation,EMP0038
EVA00317,EMP0133,DEP03,2023,2.6,4.3,3.4,3.43,Statu quo,EMP0040
EVA00318,EMP0134,DEP03,2021,2.9,3.2,4.0,3.37,Formation,EMP0048
EVA00319,EMP0134,DEP03,2022,3.6,3.0,4.8,3.8,Statu quo,EMP0034
EVA00320,EMP0134,DEP03,2023,2.5,4.4,3.0,3.3,Statu quo,EMP0008
EVA00321,EMP0135,DEP03,2021,3.8,4.8,4.5,4.37,Statu quo,EMP0015
EVA00322,EMP0135,DEP03,2022,3.9,2.9,4.5,3.77,Statu quo,EMP0037
EVA00323,EMP0135,DEP03,2023,3.6,3.9,3.5,3.67,Formation,EMP0041
EVA00324,EMP0136,DEP03,2021,3.5,3.7,4.7,3.97,Formation,EMP0007
EVA00325,EMP0136,DEP03,2022,4.8,4.9,3.1,4.27,Statu quo,EMP0047
EVA00326,EMP0136,DEP03,2023,4.6,3.7,3.2,3.83,Augmentation,EMP0015
EVA00327,EMP0137,DEP03,2021,4.2,2.7,3.8,3.57,Statu quo,EMP0009
EVA00328,EMP0137,DEP03,2022,4.2,4.2,3.6,4.0,Augmentation,EMP0002
EVA00329,EMP0137,DEP03,2023,2.8,4.9,4.4,4.03,Formation,EMP0035
EVA00330,EMP0138,DEP03,2021,2.8,2.8,3.4,3.0,Statu quo,EMP0041
EVA00331,EMP0138,DEP03,2022,3.5,4.1,3.5,3.7,Statu quo,EMP0028
EVA00332,EMP0138,DEP03,2023,3.5,3.0,4.3,3.6,Augmentation,EMP0040
EVA00333,EMP0139,DEP03,2021,2.9,4.0,4.0,3.63,Statu quo,EMP0034
EVA00334,EMP0139,DEP03,2022,3.1,4.1,4.4,3.87,Formation,EMP0015
EVA00335,EMP0139,DEP03,2023,3.6,2.8,3.9,3.43,Attention,EMP0004
EVA00336,EMP0140,DEP03,2021,3.9,2.5,3.7,3.37,Statu quo,EMP0006
EVA00337,EMP0140,DEP03,2022,3.9,2.7,3.9,3.5,Promotion,EMP0016
EVA00338,EMP0140,DEP03,2023,4.4,3.1,3.9,3.8,Formation,EMP0019
EVA00339,EMP0142,DEP03,2021,4.6,2.8,4.1,3.83,Promotion,EMP0047
EVA00340,EMP0142,DEP03,2022,3.1,4.3,3.1,3.5,Attention,EMP0005
EVA00341,EMP0142,DEP03,2023,3.6,4.6,3.4,3.87,Formation,EMP0035
EVA00342,EMP0143,DEP03,2021,3.4,3.8,4.6,3.93,Statu quo,EMP0036
EVA00343,EMP0143,DEP03,2022,4.6,2.7,4.2,3.83,Statu quo,EMP0006
EVA00344,EMP0143,DEP03,2023,4.0,4.3,4.7,4.33,Augmentation,EMP0030
EVA00345,EMP0145,DEP03,2021,2.8,2.7,3.3,2.93,Statu quo,EMP0044
EVA00346,EMP0145,DEP03,2022,3.4,4.8,4.8,4.33,Formation,EMP0021
EVA00347,EMP0145,DEP03,2023,3.6,3.2,3.9,3.57,Formation,EMP0007
EVA00348,EMP0146,DEP03,2021,4.4,3.6,3.4,3.8,Statu quo,EMP0001
EVA00349,EMP0146,DEP03,2022,3.6,3.3,3.5,3.47,Promotion,EMP0022
EVA00350,EMP0146,DEP03,2023,3.4,2.6,4.6,3.53,Statu quo,EMP0025
EVA00351,EMP0147,DEP03,2021,3.7,4.6,4.0,4.1,Augmentation,EMP0026
EVA00352,EMP0147,DEP03,2022,3.3,3.6,4.9,3.93,Formation,EMP0026
EVA00353,EMP0147,DEP03,2023,3.0,2.8,4.8,3.53,Promotion,EMP0032
EVA00354,EMP0148,DEP03,2021,2.7,4.4,3.6,3.57,Augmentation,EMP0045
EVA00355,EMP0148,DEP03,2022,2.9,2.8,3.1,2.93,Augmentation,EMP0020
EVA00356,EMP0148,DEP03,2023,3.9,3.2,4.4,3.83,Statu quo,EMP0029
EVA00357,EMP0150,DEP03,2021,5.0,3.6,3.7,4.1,Attention,EMP0015
EVA00358,EMP0150,DEP03,2022,4.8,4.0,4.2,4.33,Attention,EMP0047
EVA00359,EMP0150,DEP03,2023,3.7,3.0,5.0,3.9,Statu quo,EMP0005
EVA00360,EMP0151,DEP03,2021,2.8,4.7,3.6,3.7,Statu quo,EMP0003
EVA00361,EMP0151,DEP03,2022,2.8,2.9,4.5,3.4,Attention,EMP0042
EVA00362,EMP0151,DEP03,2023,2.6,3.1,3.4,3.03,Attention,EMP0025
EVA00363,EMP0152,DEP03,2021,3.5,4.9,4.7,4.37,Formation,EMP0035
EVA00364,EMP0152,DEP03,2022,4.9,2.5,4.7,4.03,Formation,EMP0002
EVA00365,EMP0152,DEP03,2023,3.3,3.5,3.7,3.5,Statu quo,EMP0040
EVA00366,EMP0153,DEP03,2021,3.1,3.8,3.8,3.57,Attention,EMP0029
EVA00367,EMP0153,DEP03,2022,4.7,4.0,4.9,4.53,Formation,EMP0021
EVA00368,EMP0153,DEP03,2023,2.6,4.6,3.8,3.67,Statu quo,EMP0005
EVA00369,EMP0155,DEP03,2023,3.6,2.5,4.1,3.4,Statu quo,EMP0013
EVA00370,EMP0156,DEP03,2021,4.6,4.1,3.7,4.13,Statu quo,EMP0023
EVA00371,EMP0156,DEP03,2022,3.3,4.6,3.6,3.83,Statu quo,EMP0012
EVA00372,EMP0156,DEP03,2023,2.8,4.1,3.8,3.57,Statu quo,EMP0021
EVA00373,EMP0157,DEP03,2021,3.8,2.6,3.4,3.27,Statu quo,EMP0013
EVA00374,EMP0157,DEP03,2022,3.7,2.5,3.6,3.27,Statu quo,EMP0023
EVA00375,EMP0157,DEP03,2023,4.7,3.9,4.1,4.23,Formation,EMP0003
EVA00376,EMP0158,DEP03,2021,4.5,3.1,4.4,4.0,Augmentation,EMP0034
EVA00377,EMP0158,DEP03,2022,2.6,2.7,3.1,2.8,Augmentation,EMP0038
EVA00378,EMP0158,DEP03,2023,2.7,2.9,3.1,2.9,Formation,EMP0007
EVA00379,EMP0159,DEP03,2021,4.6,3.9,3.1,3.87,Formation,EMP0042
EVA00380,EMP0159,DEP03,2022,2.9,3.4,3.7,3.33,Formation,EMP0022
EVA00381,EMP0159,DEP03,2023,4.2,3.7,3.1,3.67,Promotion,EMP0030
EVA00382,EMP0161,DEP03,2022,4.2,4.1,4.8,4.37,Formation,EMP0044
EVA00383,EMP0161,DEP03,2023,2.7,4.3,3.3,3.43,Statu quo,EMP0033
EVA00384,EMP0162,DEP03,2022,2.6,2.6,3.8,3.0,Statu quo,EMP0020
EVA00385,EMP0162,DEP03,2023,2.9,2.8,3.8,3.17,Statu quo,EMP0009
EVA00386,EMP0164,DEP03,2021,4.2,3.6,3.9,3.9,Augmentation,EMP0039
EVA00387,EMP0164,DEP03,2022,2.8,2.5,4.7,3.33,Formation,EMP0042
EVA00388,EMP0164,DEP03,2023,3.8,3.1,3.9,3.6,Statu quo,EMP0001
EVA00389,EMP0165,DEP03,2021,4.5,4.3,4.8,4.53,Augmentation,EMP0020
EVA00390,EMP0165,DEP03,2022,4.7,3.3,4.6,4.2,Attention,EMP0033
EVA00391,EMP0165,DEP03,2023,4.1,2.9,3.5,3.5,Statu quo,EMP0011
EVA00392,EMP0166,DEP03,2021,2.6,3.3,3.5,3.13,Formation,EMP0043
EVA00393,EMP0166,DEP03,2022,4.4,3.8,4.0,4.07,Statu quo,EMP0012
EVA00394,EMP0166,DEP03,2023,4.2,2.8,3.0,3.33,Statu quo,EMP0026
EVA00395,EMP0167,DEP03,2021,3.7,3.2,3.9,3.6,Statu quo,EMP0046
EVA00396,EMP0167,DEP03,2022,3.8,2.8,4.7,3.77,Statu quo,EMP0006
EVA00397,EMP0167,DEP03,2023,4.5,4.3,4.6,4.47,Formation,EMP0013
EVA00398,EMP0168,DEP03,2021,4.7,4.7,4.8,4.73,Attention,EMP0007
EVA00399,EMP0168,DEP03,2022,4.0,3.8,4.6,4.13,Augmentation,EMP0029
EVA00400,EMP0168,DEP03,2023,4.5,3.9,3.8,4.07,Statu quo,EMP0039
EVA00401,EMP0169,DEP03,2021,4.8,2.9,3.6,3.77,Statu quo,EMP0010
EVA00402,EMP0169,DEP03,2022,4.1,4.0,3.2,3.77,Formation,EMP0041
EVA00403,EMP0169,DEP03,2023,4.7,3.4,3.8,3.97,Formation,EMP0008
EVA00404,EMP0170,DEP03,2021,3.5,4.4,3.9,3.93,Statu quo,EMP0018
EVA00405,EMP0170,DEP03,2022,3.6,4.7,3.4,3.9,Augmentation,EMP0018
EVA00406,EMP0170,DEP03,2023,4.9,4.2,4.2,4.43,Formation,EMP0020
EVA00407,EMP0171,DEP03,2021,3.2,4.9,3.9,4.0,Statu quo,EMP0032
EVA00408,EMP0171,DEP03,2022,4.1,3.1,3.6,3.6,Promotion,EMP0040
EVA00409,EMP0171,DEP03,2023,4.9,4.6,3.8,4.43,Statu quo,EMP0038
EVA00410,EMP0172,DEP03,2021,2.6,2.8,4.8,3.4,Augmentation,EMP0008
EVA00411,EMP0172,DEP03,2022,2.7,3.0,3.8,3.17,Formation,EMP0018
EVA00412,EMP0172,DEP03,2023,4.5,4.9,3.6,4.33,Attention,EMP0012
EVA00413,EMP0173,DEP03,2021,4.5,4.7,3.1,4.1,Statu quo,EMP0027
EVA00414,EMP0173,DEP03,2022,2.6,4.4,3.5,3.5,Statu quo,EMP0029
EVA00415,EMP0173,DEP03,2023,4.1,3.7,3.0,3.6,Statu quo,EMP0023
EVA00416,EMP0174,DEP03,2021,4.6,4.2,3.1,3.97,Formation,EMP0008
EVA00417,EMP0174,DEP03,2022,4.9,4.8,3.3,4.33,Augmentation,EMP0037
EVA00418,EMP0174,DEP03,2023,4.4,2.9,3.1,3.47,Formation,EMP0008
EVA00419,EMP0176,DEP03,2021,4.9,3.3,4.4,4.2,Augmentation,EMP0021
EVA00420,EMP0176,DEP03,2022,4.0,4.8,4.4,4.4,Augmentation,EMP0031
EVA00421,EMP0176,DEP03,2023,3.5,2.5,3.5,3.17,Attention,EMP0044
EVA00422,EMP0177,DEP03,2021,4.7,2.6,4.8,4.03,Statu quo,EMP0023
EVA00423,EMP0177,DEP03,2022,4.1,2.8,4.8,3.9,Statu quo,EMP0009
EVA00424,EMP0177,DEP03,2023,4.9,4.7,3.4,4.33,Formation,EMP0010
EVA00425,EMP0178,DEP03,2021,3.3,3.7,4.8,3.93,Statu quo,EMP0011
EVA00426,EMP0178,DEP03,2022,3.9,3.8,3.9,3.87,Statu quo,EMP0009
EVA00427,EMP0178,DEP03,2023,4.1,3.2,3.7,3.67,Statu quo,EMP0016
EVA00428,EMP0179,DEP03,2021,3.6,4.9,4.7,4.4,Statu quo,EMP0016
EVA00429,EMP0179,DEP03,2022,3.3,4.1,4.3,3.9,Formation,EMP0042
EVA00430,EMP0179,DEP03,2023,3.4,3.8,4.9,4.03,Statu quo,EMP0002
EVA00431,EMP0180,DEP03,2021,2.8,3.3,4.0,3.37,Formation,EMP0020
EVA00432,EMP0180,DEP03,2022,4.8,4.8,4.8,4.8,Formation,EMP0001
EVA00433,EMP0180,DEP03,2023,4.6,4.3,4.0,4.3,Promotion,EMP0022
EVA00434,EMP0181,DEP03,2023,3.1,4.7,4.3,4.03,Attention,EMP0009
EVA00435,EMP0182,DEP03,2021,3.9,2.7,4.0,3.53,Augmentation,EMP0045
EVA00436,EMP0182,DEP03,2022,3.2,3.0,4.0,3.4,Statu quo,EMP0045
EVA00437,EMP0182,DEP03,2023,3.8,2.6,4.5,3.63,Promotion,EMP0035
EVA00438,EMP0183,DEP03,2022,4.0,3.0,3.9,3.63,Promotion,EMP0030
EVA00439,EMP0183,DEP03,2023,3.2,4.0,3.6,3.6,Promotion,EMP0004
EVA00440,EMP0184,DEP03,2021,4.4,4.7,4.8,4.63,Formation,EMP0034
EVA00441,EMP0184,DEP03,2022,3.5,4.0,4.6,4.03,Formation,EMP0015
EVA00442,EMP0184,DEP03,2023,4.1,3.3,4.6,4.0,Augmentation,EMP0049
EVA00443,EMP0185,DEP03,2021,4.8,3.4,4.4,4.2,Statu quo,EMP0036
EVA00444,EMP0185,DEP03,2022,4.3,3.3,3.8,3.8,Promotion,EMP0005
EVA00445,EMP0185,DEP03,2023,4.5,4.7,3.3,4.17,Statu quo,EMP0041
EVA00446,EMP0186,DEP03,2021,2.7,5.0,3.0,3.57,Statu quo,EMP0045
EVA00447,EMP0186,DEP03,2022,3.9,4.9,3.7,4.17,Formation,EMP0032
EVA00448,EMP0186,DEP03,2023,4.3,4.0,4.3,4.2,Statu quo,EMP0042
EVA00449,EMP0187,DEP03,2022,2.6,2.8,3.4,2.93,Augmentation,EMP0046
EVA00450,EMP0187,DEP03,2023,3.5,3.7,3.2,3.47,Statu quo,EMP0042
EVA00451,EMP0188,DEP03,2023,2.5,2.7,4.6,3.27,Augmentation,EMP0025
EVA00452,EMP0189,DEP03,2021,3.4,4.4,3.1,3.63,Formation,EMP0039
EVA00453,EMP0189,DEP03,2022,3.7,4.1,4.7,4.17,Augmentation,EMP0043
EVA00454,EMP0189,DEP03,2023,2.9,4.5,4.9,4.1,Promotion,EMP0033
EVA00455,EMP0190,DEP03,2021,2.7,4.5,4.8,4.0,Statu quo,EMP0041
EVA00456,EMP0190,DEP03,2022,4.4,3.2,5.0,4.2,Statu quo,EMP0023
EVA00457,EMP0190,DEP03,2023,4.7,4.6,4.9,4.73,Promotion,EMP0042
EVA00458,EMP0191,DEP03,2022,3.1,3.4,3.7,3.4,Augmentation,EMP0045
EVA00459,EMP0191,DEP03,2023,3.6,3.8,3.3,3.57,Formation,EMP0046
EVA00460,EMP0192,DEP03,2021,4.2,4.0,4.4,4.2,Statu quo,EMP0018
EVA00461,EMP0192,DEP03,2022,4.2,3.1,4.0,3.77,Formation,EMP0003
EVA00462,EMP0192,DEP03,2023,4.7,2.7,5.0,4.13,Promotion,EMP0004
EVA00463,EMP0193,DEP03,2021,4.3,3.2,4.8,4.1,Statu quo,EMP0018
EVA00464,EMP0193,DEP03,2022,2.6,4.0,3.3,3.3,Promotion,EMP0002
EVA00465,EMP0193,DEP03,2023,4.9,4.1,3.0,4.0,Formation,EMP0035
EVA00466,EMP0194,DEP03,2021,4.5,2.6,3.7,3.6,Augmentation,EMP0008
EVA00467,EMP0194,DEP03,2022,5.0,2.7,4.4,4.03,Formation,EMP0034
EVA00468,EMP0194,DEP03,2023,3.0,4.6,4.9,4.17,Augmentation,EMP0041
EVA00469,EMP0195,DEP03,2021,3.1,4.9,3.9,3.97,Statu quo,EMP0020
EVA00470,EMP0195,DEP03,2022,3.3,2.9,3.7,3.3,Statu quo,EMP0042
EVA00471,EMP0195,DEP03,2023,3.7,4.3,4.1,4.03,Statu quo,EMP0040
EVA00472,EMP0196,DEP03,2021,3.6,2.5,3.2,3.1,Formation,EMP0006
EVA00473,EMP0196,DEP03,2022,4.8,3.5,3.5,3.93,Statu quo,EMP0021
EVA00474,EMP0196,DEP03,2023,3.7,3.2,3.6,3.5,Augmentation,EMP0035
EVA00475,EMP0197,DEP03,2021,3.4,2.9,4.3,3.53,Statu quo,EMP0049
EVA00476,EMP0197,DEP03,2022,3.1,4.7,4.1,3.97,Statu quo,EMP0013
EVA00477,EMP0197,DEP03,2023,4.7,4.2,4.5,4.47,Formation,EMP0021
EVA00478,EMP0198,DEP03,2021,4.3,2.7,4.2,3.73,Promotion,EMP0046
EVA00479,EMP0198,DEP03,2022,3.8,2.7,4.3,3.6,Formation,EMP0047
EVA00480,EMP0198,DEP03,2023,4.1,3.1,3.6,3.6,Formation,EMP0028
EVA00481,EMP0199,DEP03,2021,3.9,4.8,3.7,4.13,Statu quo,EMP0037
EVA00482,EMP0199,DEP03,2022,4.3,3.3,3.8,3.8,Statu quo,EMP0046
EVA00483,EMP0199,DEP03,2023,3.6,3.1,4.0,3.57,Augmentation,EMP0002
EVA00484,EMP0200,DEP03,2022,5.0,4.9,4.2,4.7,Statu quo,EMP0029
EVA00485,EMP0200,DEP03,2023,4.5,4.9,4.7,4.7,Statu quo,EMP0033
EVA00486,EMP0201,DEP03,2021,2.9,2.6,4.3,3.27,Attention,EMP0012
EVA00487,EMP0201,DEP03,2022,5.0,4.6,4.7,4.77,Formation,EMP0045
EVA00488,EMP0201,DEP03,2023,4.1,2.6,4.6,3.77,Statu quo,EMP0023
EVA00489,EMP0202,DEP03,2021,2.9,4.1,4.2,3.73,Statu quo,EMP0002
EVA00490,EMP0202,DEP03,2022,3.1,4.5,3.4,3.67,Formation,EMP0042
EVA00491,EMP0202,DEP03,2023,3.7,4.5,4.8,4.33,Promotion,EMP0042
EVA00492,EMP0203,DEP03,2021,4.7,4.9,3.5,4.37,Augmentation,EMP0037
EVA00493,EMP0203,DEP03,2022,3.7,4.8,3.6,4.03,Formation,EMP0019
EVA00494,EMP0203,DEP03,2023,3.6,4.1,5.0,4.23,Formation,EMP0049
EVA00495,EMP0204,DEP03,2021,3.2,3.2,4.2,3.53,Augmentation,EMP0003
EVA00496,EMP0204,DEP03,2022,3.2,3.9,4.7,3.93,Formation,EMP0009
EVA00497,EMP0204,DEP03,2023,4.5,4.9,4.5,4.63,Statu quo,EMP0011
EVA00498,EMP0205,DEP03,2021,3.6,3.2,4.0,3.6,Attention,EMP0001
EVA00499,EMP0205,DEP03,2022,3.3,2.9,4.7,3.63,Attention,EMP0022
EVA00500,EMP0205,DEP03,2023,2.8,3.9,3.8,3.5,Statu quo,EMP0039
EVA00501,EMP0206,DEP03,2021,4.2,4.5,3.5,4.07,Attention,EMP0036
EVA00502,EMP0206,DEP03,2022,2.8,4.6,3.9,3.77,Formation,EMP0011
EVA00503,EMP0206,DEP03,2023,3.3,2.6,3.4,3.1,Statu quo,EMP0030
EVA00504,EMP0207,DEP03,2021,5.0,4.5,4.7,4.73,Statu quo,EMP0011
EVA00505,EMP0207,DEP03,2022,4.3,3.7,4.8,4.27,Formation,EMP0030
EVA00506,EMP0207,DEP03,2023,4.0,2.8,4.3,3.7,Attention,EMP0005
EVA00507,EMP0209,DEP03,2021,4.2,3.0,3.3,3.5,Formation,EMP0013
EVA00508,EMP0209,DEP03,2022,3.9,4.5,4.3,4.23,Statu quo,EMP0008
EVA00509,EMP0209,DEP03,2023,3.6,2.9,4.3,3.6,Formation,EMP0007
EVA00510,EMP0211,DEP04,2021,4.1,3.4,3.3,3.6,Formation,EMP0015
EVA00511,EMP0211,DEP04,2022,3.2,4.3,3.1,3.53,Statu quo,EMP0042
EVA00512,EMP0211,DEP04,2023,2.5,2.8,4.9,3.4,Formation,EMP0023
EVA00513,EMP0212,DEP04,2021,4.4,4.7,3.6,4.23,Formation,EMP0005
EVA00514,EMP0212,DEP04,2022,4.6,3.6,4.9,4.37,Statu quo,EMP0032
EVA00515,EMP0212,DEP04,2023,4.7,2.7,3.9,3.77,Augmentation,EMP0036
EVA00516,EMP0213,DEP04,2021,3.1,4.3,3.1,3.5,Augmentation,EMP0045
EVA00517,EMP0213,DEP04,2022,3.3,4.5,3.5,3.77,Statu quo,EMP0047
EVA00518,EMP0213,DEP04,2023,5.0,4.2,4.3,4.5,Statu quo,EMP0039
EVA00519,EMP0215,DEP04,2021,2.8,3.8,4.7,3.77,Promotion,EMP0006
EVA00520,EMP0215,DEP04,2022,4.0,4.6,3.6,4.07,Statu quo,EMP0007
EVA00521,EMP0215,DEP04,2023,3.3,3.7,4.9,3.97,Formation,EMP0013
EVA00522,EMP0216,DEP04,2021,4.8,3.2,3.2,3.73,Attention,EMP0030
EVA00523,EMP0216,DEP04,2022,3.9,4.9,4.7,4.5,Statu quo,EMP0019
EVA00524,EMP0216,DEP04,2023,3.7,2.9,3.9,3.5,Statu quo,EMP0024
EVA00525,EMP0217,DEP04,2021,5.0,4.9,4.9,4.93,Promotion,EMP0041
EVA00526,EMP0217,DEP04,2022,3.0,4.0,4.9,3.97,Statu quo,EMP0026
EVA00527,EMP0217,DEP04,2023,4.7,3.4,4.0,4.03,Augmentation,EMP0046
EVA00528,EMP0218,DEP04,2021,3.3,4.5,3.9,3.9,Statu quo,EMP0028
EVA00529,EMP0218,DEP04,2022,4.7,3.2,4.2,4.03,Statu quo,EMP0046
EVA00530,EMP0218,DEP04,2023,2.9,4.2,3.9,3.67,Augmentation,EMP0047
EVA00531,EMP0219,DEP04,2021,2.9,4.0,3.7,3.53,Statu quo,EMP0005
EVA00532,EMP0219,DEP04,2022,2.5,4.4,3.3,3.4,Augmentation,EMP0014
EVA00533,EMP0219,DEP04,2023,3.1,3.4,4.0,3.5,Statu quo,EMP0049
EVA00534,EMP0220,DEP04,2021,2.9,3.0,4.7,3.53,Augmentation,EMP0032
EVA00535,EMP0220,DEP04,2022,3.0,2.5,4.5,3.33,Statu quo,EMP0026
EVA00536,EMP0220,DEP04,2023,2.5,4.5,3.2,3.4,Formation,EMP0018
EVA00537,EMP0221,DEP04,2021,4.6,3.1,3.8,3.83,Statu quo,EMP0016
EVA00538,EMP0221,DEP04,2022,3.7,3.6,3.8,3.7,Formation,EMP0033
EVA00539,EMP0221,DEP04,2023,3.4,3.1,3.6,3.37,Formation,EMP0013
EVA00540,EMP0222,DEP04,2021,4.0,4.1,5.0,4.37,Statu quo,EMP0019
EVA00541,EMP0222,DEP04,2022,4.3,2.7,4.5,3.83,Formation,EMP0001
EVA00542,EMP0222,DEP04,2023,4.9,3.1,4.9,4.3,Statu quo,EMP0043
EVA00543,EMP0223,DEP04,2021,4.3,3.7,3.7,3.9,Statu quo,EMP0023
EVA00544,EMP0223,DEP04,2022,3.9,2.7,3.5,3.37,Statu quo,EMP0002
EVA00545,EMP0223,DEP04,2023,4.4,4.7,4.4,4.5,Statu quo,EMP0010
EVA00546,EMP0225,DEP04,2023,3.8,4.1,4.7,4.2,Statu quo,EMP0047
EVA00547,EMP0226,DEP04,2021,4.4,3.8,4.1,4.1,Statu quo,EMP0005
EVA00548,EMP0226,DEP04,2022,3.9,3.0,3.5,3.47,Formation,EMP0035
EVA00549,EMP0226,DEP04,2023,3.0,3.6,3.3,3.3,Augmentation,EMP0029
EVA00550,EMP0227,DEP04,2021,3.9,4.5,3.0,3.8,Augmentation,EMP0042
EVA00551,EMP0227,DEP04,2022,2.5,2.5,3.1,2.7,Formation,EMP0018
EVA00552,EMP0227,DEP04,2023,4.5,3.8,3.5,3.93,Statu quo,EMP0005
EVA00553,EMP0228,DEP04,2021,3.8,3.4,4.1,3.77,Statu quo,EMP0046
EVA00554,EMP0228,DEP04,2022,4.8,3.4,3.8,4.0,Statu quo,EMP0028
EVA00555,EMP0228,DEP04,2023,4.1,4.9,4.6,4.53,Formation,EMP0020
EVA00556,EMP0229,DEP04,2021,3.5,2.8,3.8,3.37,Augmentation,EMP0032
EVA00557,EMP0229,DEP04,2022,4.2,4.2,4.9,4.43,Promotion,EMP0040
EVA00558,EMP0229,DEP04,2023,3.5,3.8,3.2,3.5,Formation,EMP0023
EVA00559,EMP0230,DEP04,2021,4.1,3.3,4.3,3.9,Augmentation,EMP0029
EVA00560,EMP0230,DEP04,2022,4.8,2.6,3.5,3.63,Attention,EMP0019
EVA00561,EMP0230,DEP04,2023,2.9,3.5,3.9,3.43,Statu quo,EMP0012
EVA00562,EMP0231,DEP04,2021,4.1,4.9,3.8,4.27,Formation,EMP0030
EVA00563,EMP0231,DEP04,2022,4.9,2.8,4.9,4.2,Attention,EMP0048
EVA00564,EMP0231,DEP04,2023,2.7,3.9,4.7,3.77,Formation,EMP0047
EVA00565,EMP0232,DEP04,2021,4.0,3.1,3.3,3.47,Statu quo,EMP0034
EVA00566,EMP0232,DEP04,2022,2.7,2.8,4.2,3.23,Promotion,EMP0049
EVA00567,EMP0232,DEP04,2023,4.1,4.3,3.8,4.07,Statu quo,EMP0031
EVA00568,EMP0233,DEP04,2021,3.3,4.5,3.2,3.67,Augmentation,EMP0006
EVA00569,EMP0233,DEP04,2022,4.1,3.1,4.0,3.73,Statu quo,EMP0024
EVA00570,EMP0233,DEP04,2023,3.6,2.5,4.4,3.5,Formation,EMP0014
EVA00571,EMP0234,DEP04,2021,4.7,2.7,4.6,4.0,Statu quo,EMP0025
EVA00572,EMP0234,DEP04,2022,4.3,3.1,3.8,3.73,Formation,EMP0039
EVA00573,EMP0234,DEP04,2023,3.1,3.7,4.4,3.73,Formation,EMP0048
EVA00574,EMP0236,DEP04,2022,4.3,3.6,3.8,3.9,Statu quo,EMP0048
EVA00575,EMP0236,DEP04,2023,3.6,3.1,4.0,3.57,Statu quo,EMP0045
EVA00576,EMP0237,DEP04,2021,3.2,3.0,3.7,3.3,Augmentation,EMP0018
EVA00577,EMP0237,DEP04,2022,4.4,4.1,3.6,4.03,Attention,EMP0006
EVA00578,EMP0237,DEP04,2023,2.9,4.6,4.5,4.0,Formation,EMP0032
EVA00579,EMP0238,DEP04,2021,3.1,4.5,3.2,3.6,Formation,EMP0043
EVA00580,EMP0238,DEP04,2022,4.5,4.1,3.0,3.87,Formation,EMP0041
EVA00581,EMP0238,DEP04,2023,4.6,4.3,4.6,4.5,Promotion,EMP0011
EVA00582,EMP0239,DEP04,2021,3.1,3.3,4.7,3.7,Formation,EMP0047
EVA00583,EMP0239,DEP04,2022,4.1,3.9,4.7,4.23,Augmentation,EMP0030
EVA00584,EMP0239,DEP04,2023,4.1,4.6,4.8,4.5,Formation,EMP0005
EVA00585,EMP0240,DEP04,2021,4.3,3.5,3.6,3.8,Promotion,EMP0043
EVA00586,EMP0240,DEP04,2022,2.9,3.2,3.6,3.23,Statu quo,EMP0013
EVA00587,EMP0240,DEP04,2023,3.0,4.5,4.7,4.07,Formation,EMP0017
EVA00588,EMP0241,DEP04,2021,3.3,2.5,4.4,3.4,Statu quo,EMP0036
EVA00589,EMP0241,DEP04,2022,3.7,4.7,4.5,4.3,Formation,EMP0006
EVA00590,EMP0241,DEP04,2023,4.7,5.0,4.3,4.67,Statu quo,EMP0003
EVA00591,EMP0242,DEP04,2021,3.8,3.1,4.8,3.9,Statu quo,EMP0020
EVA00592,EMP0242,DEP04,2022,4.2,3.8,3.1,3.7,Statu quo,EMP0027
EVA00593,EMP0242,DEP04,2023,2.5,3.1,3.3,2.97,Formation,EMP0027
EVA00594,EMP0243,DEP04,2023,2.7,3.4,4.5,3.53,Statu quo,EMP0045
EVA00595,EMP0244,DEP04,2021,4.3,4.9,4.4,4.53,Statu quo,EMP0013
EVA00596,EMP0244,DEP04,2022,3.3,3.7,4.5,3.83,Statu quo,EMP0021
EVA00597,EMP0244,DEP04,2023,4.4,4.1,4.5,4.33,Augmentation,EMP0024
EVA00598,EMP0245,DEP04,2021,3.9,2.5,4.8,3.73,Augmentation,EMP0016
EVA00599,EMP0245,DEP04,2022,2.7,4.2,3.4,3.43,Statu quo,EMP0037
EVA00600,EMP0245,DEP04,2023,2.9,4.3,3.8,3.67,Statu quo,EMP0013
EVA00601,EMP0246,DEP04,2021,3.0,3.9,3.8,3.57,Promotion,EMP0014
EVA00602,EMP0246,DEP04,2022,3.9,4.8,4.6,4.43,Statu quo,EMP0036
EVA00603,EMP0246,DEP04,2023,2.6,4.4,4.1,3.7,Statu quo,EMP0028
EVA00604,EMP0248,DEP04,2021,2.5,4.5,4.6,3.87,Promotion,EMP0029
EVA00605,EMP0248,DEP04,2022,4.2,3.8,4.2,4.07,Statu quo,EMP0004
EVA00606,EMP0248,DEP04,2023,2.5,3.0,4.8,3.43,Augmentation,EMP0013
EVA00607,EMP0251,DEP04,2021,4.2,4.5,4.6,4.43,Promotion,EMP0031
EVA00608,EMP0251,DEP04,2022,5.0,3.8,3.1,3.97,Promotion,EMP0001
EVA00609,EMP0251,DEP04,2023,4.5,4.8,4.0,4.43,Formation,EMP0012
EVA00610,EMP0252,DEP04,2021,2.6,4.7,3.5,3.6,Augmentation,EMP0035
EVA00611,EMP0252,DEP04,2022,3.3,2.7,3.8,3.27,Statu quo,EMP0018
EVA00612,EMP0252,DEP04,2023,4.2,3.0,3.8,3.67,Formation,EMP0025
EVA00613,EMP0253,DEP04,2022,3.9,3.0,4.6,3.83,Promotion,EMP0046
EVA00614,EMP0253,DEP04,2023,3.1,4.1,3.2,3.47,Promotion,EMP0005
EVA00615,EMP0254,DEP04,2021,3.7,3.4,3.3,3.47,Statu quo,EMP0024
EVA00616,EMP0254,DEP04,2022,2.8,3.1,3.7,3.2,Attention,EMP0032
EVA00617,EMP0254,DEP04,2023,4.4,3.3,4.9,4.2,Formation,EMP0036
EVA00618,EMP0255,DEP04,2022,4.9,4.3,4.1,4.43,Statu quo,EMP0019
EVA00619,EMP0255,DEP04,2023,4.9,2.9,3.7,3.83,Formation,EMP0009
EVA00620,EMP0257,DEP04,2021,2.7,2.8,3.9,3.13,Augmentation,EMP0049
EVA00621,EMP0257,DEP04,2022,4.2,3.4,4.7,4.1,Statu quo,EMP0027
EVA00622,EMP0257,DEP04,2023,4.6,2.8,4.2,3.87,Statu quo,EMP0024
EVA00623,EMP0258,DEP04,2022,3.1,2.6,4.1,3.27,Formation,EMP0034
EVA00624,EMP0258,DEP04,2023,3.0,2.9,5.0,3.63,Augmentation,EMP0033
EVA00625,EMP0259,DEP04,2021,5.0,4.3,4.3,4.53,Formation,EMP0013
EVA00626,EMP0259,DEP04,2022,4.8,4.3,4.4,4.5,Formation,EMP0043
EVA00627,EMP0259,DEP04,2023,2.7,5.0,3.0,3.57,Formation,EMP0012
EVA00628,EMP0260,DEP04,2021,4.4,4.3,4.3,4.33,Promotion,EMP0018
EVA00629,EMP0260,DEP04,2022,3.1,2.7,5.0,3.6,Augmentation,EMP0043
EVA00630,EMP0260,DEP04,2023,2.8,4.7,4.1,3.87,Statu quo,EMP0048
EVA00631,EMP0261,DEP04,2021,4.1,4.4,4.5,4.33,Augmentation,EMP0024
EVA00632,EMP0261,DEP04,2022,4.1,3.0,3.6,3.57,Formation,EMP0046
EVA00633,EMP0261,DEP04,2023,4.7,4.5,3.6,4.27,Statu quo,EMP0049
EVA00634,EMP0262,DEP04,2021,3.3,4.6,3.3,3.73,Formation,EMP0001
EVA00635,EMP0262,DEP04,2022,2.5,2.6,3.3,2.8,Augmentation,EMP0011
EVA00636,EMP0262,DEP04,2023,4.8,2.7,4.7,4.07,Statu quo,EMP0024
EVA00637,EMP0264,DEP04,2021,2.9,3.2,3.4,3.17,Statu quo,EMP0025
EVA00638,EMP0264,DEP04,2022,3.3,2.6,3.3,3.07,Statu quo,EMP0036
EVA00639,EMP0264,DEP04,2023,2.7,3.8,4.2,3.57,Statu quo,EMP0011
EVA00640,EMP0265,DEP04,2022,3.6,3.7,4.7,4.0,Formation,EMP0007
EVA00641,EMP0265,DEP04,2023,3.5,2.8,4.4,3.57,Statu quo,EMP0013
EVA00642,EMP0266,DEP04,2021,4.1,4.7,4.8,4.53,Formation,EMP0036
EVA00643,EMP0266,DEP04,2022,3.0,4.8,4.4,4.07,Attention,EMP0026
EVA00644,EMP0266,DEP04,2023,4.9,2.8,4.2,3.97,Formation,EMP0025
EVA00645,EMP0267,DEP04,2021,2.5,3.0,3.3,2.93,Promotion,EMP0017
EVA00646,EMP0267,DEP04,2022,4.9,4.7,5.0,4.87,Statu quo,EMP0047
EVA00647,EMP0267,DEP04,2023,4.8,3.0,3.5,3.77,Statu quo,EMP0026
EVA00648,EMP0268,DEP04,2021,4.3,3.9,3.6,3.93,Augmentation,EMP0024
EVA00649,EMP0268,DEP04,2022,4.4,3.8,3.7,3.97,Statu quo,EMP0009
EVA00650,EMP0268,DEP04,2023,3.7,4.2,3.9,3.93,Attention,EMP0021
EVA00651,EMP0269,DEP04,2021,3.7,4.9,4.7,4.43,Statu quo,EMP0011
EVA00652,EMP0269,DEP04,2022,4.0,3.8,4.1,3.97,Augmentation,EMP0038
EVA00653,EMP0269,DEP04,2023,3.0,2.6,4.5,3.37,Augmentation,EMP0022
EVA00654,EMP0270,DEP04,2023,2.8,2.7,4.1,3.2,Statu quo,EMP0029
EVA00655,EMP0271,DEP04,2021,3.4,4.8,3.0,3.73,Formation,EMP0034
EVA00656,EMP0271,DEP04,2022,3.3,2.6,3.1,3.0,Statu quo,EMP0008
EVA00657,EMP0271,DEP04,2023,4.1,3.0,4.8,3.97,Statu quo,EMP0015
EVA00658,EMP0272,DEP04,2021,3.5,3.2,4.7,3.8,Formation,EMP0017
EVA00659,EMP0272,DEP04,2022,2.8,3.0,3.6,3.13,Formation,EMP0018
EVA00660,EMP0272,DEP04,2023,4.9,3.2,3.7,3.93,Promotion,EMP0030
EVA00661,EMP0273,DEP04,2021,3.4,4.2,4.9,4.17,Statu quo,EMP0046
EVA00662,EMP0273,DEP04,2022,4.7,4.6,3.4,4.23,Attention,EMP0006
EVA00663,EMP0273,DEP04,2023,4.3,4.5,3.9,4.23,Augmentation,EMP0025
EVA00664,EMP0274,DEP04,2021,3.7,4.9,3.3,3.97,Formation,EMP0040
EVA00665,EMP0274,DEP04,2022,4.3,3.9,3.9,4.03,Statu quo,EMP0015
EVA00666,EMP0274,DEP04,2023,3.9,3.3,4.2,3.8,Formation,EMP0036
EVA00667,EMP0275,DEP04,2021,4.5,4.1,4.0,4.2,Promotion,EMP0046
EVA00668,EMP0275,DEP04,2022,3.3,4.0,4.6,3.97,Attention,EMP0009
EVA00669,EMP0275,DEP04,2023,4.0,4.3,4.2,4.17,Formation,EMP0021
EVA00670,EMP0276,DEP04,2021,3.5,3.6,4.8,3.97,Statu quo,EMP0030
EVA00671,EMP0276,DEP04,2022,2.8,3.8,4.9,3.83,Augmentation,EMP0033
EVA00672,EMP0276,DEP04,2023,5.0,3.9,3.7,4.2,Promotion,EMP0048
EVA00673,EMP0277,DEP04,2021,2.5,3.5,4.6,3.53,Attention,EMP0031
EVA00674,EMP0277,DEP04,2022,3.7,3.8,3.8,3.77,Formation,EMP0008
EVA00675,EMP0277,DEP04,2023,4.8,3.6,3.3,3.9,Statu quo,EMP0040
EVA00676,EMP0278,DEP04,2021,4.9,4.8,3.2,4.3,Statu quo,EMP0002
EVA00677,EMP0278,DEP04,2022,4.5,3.7,4.0,4.07,Attention,EMP0040
EVA00678,EMP0278,DEP04,2023,3.8,2.8,3.6,3.4,Statu quo,EMP0012
EVA00679,EMP0279,DEP04,2021,4.3,4.0,3.2,3.83,Statu quo,EMP0009
EVA00680,EMP0279,DEP04,2022,3.8,3.1,4.0,3.63,Statu quo,EMP0015
EVA00681,EMP0279,DEP04,2023,3.4,3.8,3.8,3.67,Statu quo,EMP0025
EVA00682,EMP0280,DEP04,2021,4.7,2.6,3.1,3.47,Augmentation,EMP0027
EVA00683,EMP0280,DEP04,2022,2.8,3.8,3.4,3.33,Promotion,EMP0010
EVA00684,EMP0280,DEP04,2023,3.8,4.3,3.9,4.0,Attention,EMP0014
EVA00685,EMP0281,DEP04,2021,3.0,3.8,3.5,3.43,Statu quo,EMP0042
EVA00686,EMP0281,DEP04,2022,4.9,4.3,4.1,4.43,Formation,EMP0010
EVA00687,EMP0281,DEP04,2023,3.4,2.6,4.8,3.6,Statu quo,EMP0025
EVA00688,EMP0282,DEP04,2021,2.8,3.3,4.5,3.53,Formation,EMP0007
EVA00689,EMP0282,DEP04,2022,4.1,2.5,4.8,3.8,Augmentation,EMP0010
EVA00690,EMP0282,DEP04,2023,4.9,4.3,4.0,4.4,Statu quo,EMP0016
EVA00691,EMP0283,DEP04,2021,2.7,2.7,3.3,2.9,Augmentation,EMP0037
EVA00692,EMP0283,DEP04,2022,3.8,3.6,4.6,4.0,Formation,EMP0035
EVA00693,EMP0283,DEP04,2023,2.7,3.5,4.5,3.57,Formation,EMP0022
EVA00694,EMP0284,DEP04,2022,4.6,4.5,4.5,4.53,Statu quo,EMP0048
EVA00695,EMP0284,DEP04,2023,4.8,4.0,3.7,4.17,Augmentation,EMP0044
EVA00696,EMP0285,DEP04,2021,3.4,4.5,5.0,4.3,Formation,EMP0040
EVA00697,EMP0285,DEP04,2022,3.4,2.9,4.0,3.43,Statu quo,EMP0030
EVA00698,EMP0285,DEP04,2023,3.7,3.8,3.6,3.7,Promotion,EMP0016
EVA00699,EMP0286,DEP04,2021,3.0,4.5,3.6,3.7,Promotion,EMP0047
EVA00700,EMP0286,DEP04,2022,4.2,4.4,3.8,4.13,Statu quo,EMP0021
EVA00701,EMP0286,DEP04,2023,4.4,4.7,4.3,4.47,Statu quo,EMP0047
EVA00702,EMP0287,DEP04,2021,3.6,4.7,3.3,3.87,Formation,EMP0005
EVA00703,EMP0287,DEP04,2022,4.2,4.8,3.1,4.03,Statu quo,EMP0034
EVA00704,EMP0287,DEP04,2023,4.7,4.7,4.6,4.67,Attention,EMP0011
EVA00705,EMP0289,DEP04,2021,4.9,4.8,4.0,4.57,Formation,EMP0047
EVA00706,EMP0289,DEP04,2022,3.0,4.1,3.3,3.47,Attention,EMP0006
EVA00707,EMP0289,DEP04,2023,3.1,2.7,3.5,3.1,Promotion,EMP0022
EVA00708,EMP0290,DEP04,2021,4.0,3.2,4.6,3.93,Formation,EMP0009
EVA00709,EMP0290,DEP04,2022,4.3,4.3,3.3,3.97,Promotion,EMP0020
EVA00710,EMP0290,DEP04,2023,4.3,2.9,4.4,3.87,Formation,EMP0042
EVA00711,EMP0291,DEP04,2021,2.6,3.1,4.5,3.4,Formation,EMP0037
EVA00712,EMP0291,DEP04,2022,2.8,2.7,3.5,3.0,Formation,EMP0027
EVA00713,EMP0291,DEP04,2023,4.6,4.4,3.3,4.1,Promotion,EMP0032
EVA00714,EMP0292,DEP04,2021,4.6,3.8,4.6,4.33,Formation,EMP0012
EVA00715,EMP0292,DEP04,2022,4.0,4.0,4.3,4.1,Formation,EMP0013
EVA00716,EMP0292,DEP04,2023,3.6,4.9,3.5,4.0,Statu quo,EMP0012
EVA00717,EMP0293,DEP04,2021,4.9,3.9,4.0,4.27,Augmentation,EMP0013
EVA00718,EMP0293,DEP04,2022,4.8,5.0,3.4,4.4,Attention,EMP0037
EVA00719,EMP0293,DEP04,2023,3.4,4.0,3.4,3.6,Augmentation,EMP0016
EVA00720,EMP0294,DEP04,2021,3.7,4.9,3.5,4.03,Statu quo,EMP0031
EVA00721,EMP0294,DEP04,2022,3.7,2.8,3.5,3.33,Statu quo,EMP0035
EVA00722,EMP0294,DEP04,2023,2.6,3.5,4.0,3.37,Statu quo,EMP0041
EVA00723,EMP0296,DEP04,2021,4.1,4.6,3.5,4.07,Augmentation,EMP0046
EVA00724,EMP0296,DEP04,2022,4.8,3.9,3.4,4.03,Statu quo,EMP0010
EVA00725,EMP0296,DEP04,2023,4.0,3.4,3.0,3.47,Statu quo,EMP0009
EVA00726,EMP0297,DEP04,2022,3.2,3.2,3.5,3.3,Statu quo,EMP0036
EVA00727,EMP0297,DEP04,2023,3.2,3.3,3.8,3.43,Attention,EMP0037
EVA00728,EMP0298,DEP04,2021,3.4,3.7,4.4,3.83,Statu quo,EMP0023
EVA00729,EMP0298,DEP04,2022,5.0,3.7,3.9,4.2,Formation,EMP0019
EVA00730,EMP0298,DEP04,2023,4.1,3.4,4.0,3.83,Augmentation,EMP0039
EVA00731,EMP0299,DEP04,2023,4.2,3.1,3.7,3.67,Promotion,EMP0018
EVA00732,EMP0300,DEP04,2021,3.0,4.3,4.4,3.9,Formation,EMP0011
EVA00733,EMP0300,DEP04,2022,3.5,4.7,4.8,4.33,Statu quo,EMP0042
EVA00734,EMP0300,DEP04,2023,4.5,4.3,3.4,4.07,Formation,EMP0033
EVA00735,EMP0301,DEP04,2023,2.9,4.5,4.3,3.9,Attention,EMP0041
EVA00736,EMP0302,DEP04,2021,3.8,4.3,4.7,4.27,Statu quo,EMP0007
EVA00737,EMP0302,DEP04,2022,3.0,5.0,5.0,4.33,Attention,EMP0003
EVA00738,EMP0302,DEP04,2023,4.6,2.7,3.5,3.6,Promotion,EMP0031
EVA00739,EMP0303,DEP04,2021,3.8,4.9,4.3,4.33,Formation,EMP0046
EVA00740,EMP0303,DEP04,2022,3.9,3.6,4.3,3.93,Formation,EMP0039
EVA00741,EMP0303,DEP04,2023,4.1,4.5,3.9,4.17,Formation,EMP0047
EVA00742,EMP0304,DEP04,2021,4.8,3.6,4.7,4.37,Statu quo,EMP0028
EVA00743,EMP0304,DEP04,2022,2.5,3.7,3.4,3.2,Augmentation,EMP0035
EVA00744,EMP0304,DEP04,2023,4.3,4.1,4.1,4.17,Formation,EMP0012
EVA00745,EMP0305,DEP04,2021,3.5,4.7,4.9,4.37,Statu quo,EMP0006
EVA00746,EMP0305,DEP04,2022,4.8,4.5,3.2,4.17,Formation,EMP0015
EVA00747,EMP0305,DEP04,2023,3.3,4.3,4.0,3.87,Augmentation,EMP0038
EVA00748,EMP0307,DEP04,2021,3.6,4.2,4.0,3.93,Augmentation,EMP0012
EVA00749,EMP0307,DEP04,2022,4.0,5.0,3.4,4.13,Formation,EMP0038
EVA00750,EMP0307,DEP04,2023,3.0,4.7,4.9,4.2,Formation,EMP0019
EVA00751,EMP0308,DEP04,2021,3.4,2.7,4.2,3.43,Promotion,EMP0048
EVA00752,EMP0308,DEP04,2022,2.9,4.2,4.9,4.0,Promotion,EMP0025
EVA00753,EMP0308,DEP04,2023,4.4,4.6,3.4,4.13,Attention,EMP0034
EVA00754,EMP0309,DEP04,2021,3.8,4.2,3.6,3.87,Promotion,EMP0031
EVA00755,EMP0309,DEP04,2022,3.6,4.4,4.8,4.27,Formation,EMP0005
EVA00756,EMP0309,DEP04,2023,2.8,4.8,3.5,3.7,Attention,EMP0013
EVA00757,EMP0310,DEP04,2021,3.0,2.5,3.4,2.97,Formation,EMP0036
EVA00758,EMP0310,DEP04,2022,4.8,3.9,3.2,3.97,Statu quo,EMP0018
EVA00759,EMP0310,DEP04,2023,3.5,4.2,4.6,4.1,Attention,EMP0041
EVA00760,EMP0311,DEP04,2023,3.4,3.6,3.8,3.6,Formation,EMP0029
EVA00761,EMP0312,DEP04,2021,2.6,3.1,5.0,3.57,Attention,EMP0041
EVA00762,EMP0312,DEP04,2022,4.9,4.5,3.0,4.13,Attention,EMP0003
EVA00763,EMP0312,DEP04,2023,4.9,4.1,4.6,4.53,Formation,EMP0008
EVA00764,EMP0313,DEP04,2021,4.3,3.9,3.6,3.93,Statu quo,EMP0029
EVA00765,EMP0313,DEP04,2022,4.6,4.6,3.3,4.17,Formation,EMP0046
EVA00766,EMP0313,DEP04,2023,4.1,3.1,4.9,4.03,Statu quo,EMP0002
EVA00767,EMP0315,DEP04,2021,3.5,4.3,3.4,3.73,Promotion,EMP0047
EVA00768,EMP0315,DEP04,2022,4.0,4.7,3.4,4.03,Statu quo,EMP0005
EVA00769,EMP0315,DEP04,2023,2.6,3.4,4.3,3.43,Statu quo,EMP0040
EVA00770,EMP0316,DEP04,2021,4.1,3.7,3.1,3.63,Augmentation,EMP0047
EVA00771,EMP0316,DEP04,2022,4.8,4.0,3.7,4.17,Augmentation,EMP0044
EVA00772,EMP0316,DEP04,2023,4.4,3.5,4.9,4.27,Formation,EMP0006
EVA00773,EMP0317,DEP04,2021,4.5,2.8,3.3,3.53,Augmentation,EMP0006
EVA00774,EMP0317,DEP04,2022,4.9,4.5,3.7,4.37,Formation,EMP0010
EVA00775,EMP0317,DEP04,2023,3.8,4.0,3.2,3.67,Formation,EMP0022
EVA00776,EMP0318,DEP04,2022,4.8,3.5,4.5,4.27,Attention,EMP0005
EVA00777,EMP0318,DEP04,2023,3.3,2.7,3.7,3.23,Statu quo,EMP0013
EVA00778,EMP0319,DEP04,2021,2.7,2.7,4.4,3.27,Statu quo,EMP0025
EVA00779,EMP0319,DEP04,2022,2.8,4.5,3.7,3.67,Promotion,EMP0022
EVA00780,EMP0319,DEP04,2023,4.3,4.1,4.0,4.13,Augmentation,EMP0017
EVA00781,EMP0320,DEP04,2021,3.5,3.5,3.8,3.6,Formation,EMP0012
EVA00782,EMP0320,DEP04,2022,2.8,3.2,3.3,3.1,Statu quo,EMP0023
EVA00783,EMP0320,DEP04,2023,3.6,4.2,3.2,3.67,Formation,EMP0010
EVA00784,EMP0321,DEP04,2021,2.7,4.4,3.3,3.47,Augmentation,EMP0009
EVA00785,EMP0321,DEP04,2022,3.4,3.2,4.8,3.8,Attention,EMP0012
EVA00786,EMP0321,DEP04,2023,3.0,3.7,4.0,3.57,Formation,EMP0021
EVA00787,EMP0322,DEP04,2021,2.6,2.8,3.3,2.9,Formation,EMP0041
EVA00788,EMP0322,DEP04,2022,4.7,3.1,4.5,4.1,Augmentation,EMP0029
EVA00789,EMP0322,DEP04,2023,2.6,4.1,3.4,3.37,Attention,EMP0036
EVA00790,EMP0323,DEP04,2022,2.8,3.0,3.4,3.07,Attention,EMP0046
EVA00791,EMP0323,DEP04,2023,2.7,4.4,3.6,3.57,Statu quo,EMP0043
EVA00792,EMP0324,DEP04,2021,4.5,4.2,3.0,3.9,Augmentation,EMP0009
EVA00793,EMP0324,DEP04,2022,3.7,3.8,4.7,4.07,Formation,EMP0028
EVA00794,EMP0324,DEP04,2023,3.0,4.6,4.8,4.13,Statu quo,EMP0046
EVA00795,EMP0325,DEP04,2021,4.9,3.5,4.4,4.27,Promotion,EMP0045
EVA00796,EMP0325,DEP04,2022,3.9,4.7,4.9,4.5,Statu quo,EMP0014
EVA00797,EMP0325,DEP04,2023,4.6,4.5,4.5,4.53,Augmentation,EMP0021
EVA00798,EMP0326,DEP04,2021,3.7,4.5,4.2,4.13,Statu quo,EMP0024
EVA00799,EMP0326,DEP04,2022,4.9,3.9,4.6,4.47,Statu quo,EMP0039
EVA00800,EMP0326,DEP04,2023,3.7,4.9,4.6,4.4,Statu quo,EMP0031
EVA00801,EMP0327,DEP04,2021,3.3,3.7,4.7,3.9,Attention,EMP0002
EVA00802,EMP0327,DEP04,2022,4.3,4.3,3.2,3.93,Statu quo,EMP0049
EVA00803,EMP0327,DEP04,2023,3.4,4.7,3.0,3.7,Attention,EMP0042
EVA00804,EMP0328,DEP04,2021,2.8,4.0,4.4,3.73,Statu quo,EMP0024
EVA00805,EMP0328,DEP04,2022,4.3,3.9,3.2,3.8,Statu quo,EMP0001
EVA00806,EMP0328,DEP04,2023,4.4,2.6,4.5,3.83,Augmentation,EMP0049
EVA00807,EMP0329,DEP04,2021,4.9,2.7,3.2,3.6,Augmentation,EMP0013
EVA00808,EMP0329,DEP04,2022,4.1,4.3,3.7,4.03,Statu quo,EMP0037
EVA00809,EMP0329,DEP04,2023,3.6,2.8,4.5,3.63,Formation,EMP0009
EVA00810,EMP0330,DEP04,2023,3.5,4.3,3.1,3.63,Formation,EMP0030
EVA00811,EMP0331,DEP04,2021,3.6,4.4,3.5,3.83,Augmentation,EMP0020
EVA00812,EMP0331,DEP04,2022,3.7,3.0,4.4,3.7,Formation,EMP0016
EVA00813,EMP0331,DEP04,2023,3.6,3.9,3.8,3.77,Statu quo,EMP0035
EVA00814,EMP0332,DEP04,2023,4.4,3.8,3.7,3.97,Augmentation,EMP0033
EVA00815,EMP0333,DEP04,2021,3.6,4.7,3.2,3.83,Augmentation,EMP0048
EVA00816,EMP0333,DEP04,2022,3.9,4.8,3.1,3.93,Statu quo,EMP0033
EVA00817,EMP0333,DEP04,2023,4.3,4.4,3.8,4.17,Formation,EMP0037
EVA00818,EMP0334,DEP04,2023,4.5,2.9,3.5,3.63,Augmentation,EMP0001
EVA00819,EMP0335,DEP04,2021,4.7,3.2,3.9,3.93,Statu quo,EMP0025
EVA00820,EMP0335,DEP04,2022,4.5,3.8,3.0,3.77,Augmentation,EMP0044
EVA00821,EMP0335,DEP04,2023,3.1,3.5,3.7,3.43,Formation,EMP0012
EVA00822,EMP0336,DEP04,2021,4.3,2.6,5.0,3.97,Statu quo,EMP0021
EVA00823,EMP0336,DEP04,2022,3.3,3.5,4.9,3.9,Attention,EMP0032
EVA00824,EMP0336,DEP04,2023,2.6,5.0,4.3,3.97,Statu quo,EMP0020
EVA00825,EMP0339,DEP04,2021,3.2,4.5,4.1,3.93,Formation,EMP0040
EVA00826,EMP0339,DEP04,2022,3.4,3.6,4.3,3.77,Statu quo,EMP0037
EVA00827,EMP0339,DEP04,2023,4.9,3.9,3.6,4.13,Augmentation,EMP0047
EVA00828,EMP0340,DEP04,2022,2.8,4.0,3.8,3.53,Formation,EMP0027
EVA00829,EMP0340,DEP04,2023,3.0,3.7,3.1,3.27,Statu quo,EMP0019
EVA00830,EMP0341,DEP05,2022,4.8,3.8,4.6,4.4,Statu quo,EMP0014
EVA00831,EMP0341,DEP05,2023,4.7,4.7,3.5,4.3,Formation,EMP0010
EVA00832,EMP0342,DEP05,2023,3.8,4.0,4.4,4.07,Augmentation,EMP0035
EVA00833,EMP0344,DEP05,2021,2.9,4.1,4.3,3.77,Statu quo,EMP0008
EVA00834,EMP0344,DEP05,2022,3.0,2.7,3.8,3.17,Formation,EMP0034
EVA00835,EMP0344,DEP05,2023,4.4,4.2,4.7,4.43,Formation,EMP0036
EVA00836,EMP0345,DEP05,2021,3.8,3.0,3.1,3.3,Formation,EMP0015
EVA00837,EMP0345,DEP05,2022,3.5,2.6,4.4,3.5,Statu quo,EMP0047
EVA00838,EMP0345,DEP05,2023,4.3,2.7,4.0,3.67,Statu quo,EMP0004
EVA00839,EMP0346,DEP05,2021,3.7,4.4,3.8,3.97,Augmentation,EMP0017
EVA00840,EMP0346,DEP05,2022,3.4,2.9,3.9,3.4,Augmentation,EMP0024
EVA00841,EMP0346,DEP05,2023,3.7,4.0,4.6,4.1,Statu quo,EMP0049
EVA00842,EMP0349,DEP05,2021,4.7,3.9,4.4,4.33,Statu quo,EMP0033
EVA00843,EMP0349,DEP05,2022,4.6,4.4,4.8,4.6,Formation,EMP0003
EVA00844,EMP0349,DEP05,2023,3.5,2.7,3.4,3.2,Statu quo,EMP0047
EVA00845,EMP0350,DEP05,2021,2.5,2.9,3.7,3.03,Statu quo,EMP0008
EVA00846,EMP0350,DEP05,2022,3.9,4.2,4.5,4.2,Statu quo,EMP0009
EVA00847,EMP0350,DEP05,2023,3.1,5.0,4.8,4.3,Formation,EMP0014
EVA00848,EMP0351,DEP05,2021,3.8,4.7,4.6,4.37,Statu quo,EMP0002
EVA00849,EMP0351,DEP05,2022,4.9,4.3,3.3,4.17,Promotion,EMP0007
EVA00850,EMP0351,DEP05,2023,3.0,2.7,3.9,3.2,Statu quo,EMP0008
EVA00851,EMP0352,DEP05,2023,2.5,4.5,4.9,3.97,Augmentation,EMP0003
EVA00852,EMP0353,DEP05,2021,3.7,4.7,4.5,4.3,Promotion,EMP0002
EVA00853,EMP0353,DEP05,2022,4.2,4.5,3.5,4.07,Statu quo,EMP0013
EVA00854,EMP0353,DEP05,2023,3.0,4.8,3.4,3.73,Statu quo,EMP0025
EVA00855,EMP0354,DEP05,2023,4.3,3.1,4.4,3.93,Promotion,EMP0045
EVA00856,EMP0355,DEP05,2021,3.2,4.7,4.8,4.23,Augmentation,EMP0012
EVA00857,EMP0355,DEP05,2022,3.7,5.0,4.3,4.33,Promotion,EMP0022
EVA00858,EMP0355,DEP05,2023,3.6,3.3,4.0,3.63,Statu quo,EMP0020
EVA00859,EMP0356,DEP05,2021,4.2,3.4,4.5,4.03,Formation,EMP0038
EVA00860,EMP0356,DEP05,2022,2.8,3.5,3.8,3.37,Formation,EMP0038
EVA00861,EMP0356,DEP05,2023,4.2,3.9,3.8,3.97,Formation,EMP0039
EVA00862,EMP0357,DEP05,2021,4.2,4.4,4.7,4.43,Statu quo,EMP0035
EVA00863,EMP0357,DEP05,2022,3.0,4.6,3.7,3.77,Statu quo,EMP0028
EVA00864,EMP0357,DEP05,2023,3.2,3.2,3.4,3.27,Attention,EMP0049
EVA00865,EMP0358,DEP05,2021,3.6,4.5,3.1,3.73,Augmentation,EMP0025
EVA00866,EMP0358,DEP05,2022,4.5,2.8,4.8,4.03,Statu quo,EMP0004
EVA00867,EMP0358,DEP05,2023,4.8,3.5,4.1,4.13,Promotion,EMP0035
EVA00868,EMP0359,DEP05,2021,4.0,2.8,5.0,3.93,Promotion,EMP0023
EVA00869,EMP0359,DEP05,2022,3.2,4.0,4.0,3.73,Augmentation,EMP0009
EVA00870,EMP0359,DEP05,2023,3.0,3.9,3.2,3.37,Promotion,EMP0049
EVA00871,EMP0360,DEP05,2021,3.7,4.5,4.1,4.1,Augmentation,EMP0030
EVA00872,EMP0360,DEP05,2022,4.9,3.0,4.1,4.0,Promotion,EMP0001
EVA00873,EMP0360,DEP05,2023,2.7,2.9,3.2,2.93,Formation,EMP0006
EVA00874,EMP0362,DEP05,2021,4.5,2.8,3.9,3.73,Formation,EMP0020
EVA00875,EMP0362,DEP05,2022,3.1,2.7,3.0,2.93,Promotion,EMP0040
EVA00876,EMP0362,DEP05,2023,2.6,3.5,3.9,3.33,Formation,EMP0020
EVA00877,EMP0363,DEP05,2023,3.0,3.7,3.8,3.5,Attention,EMP0032
EVA00878,EMP0364,DEP05,2023,2.6,4.6,3.5,3.57,Augmentation,EMP0003
EVA00879,EMP0365,DEP05,2021,4.7,3.8,4.2,4.23,Promotion,EMP0047
EVA00880,EMP0365,DEP05,2022,3.1,4.4,3.8,3.77,Statu quo,EMP0013
EVA00881,EMP0365,DEP05,2023,4.8,5.0,3.3,4.37,Statu quo,EMP0041
EVA00882,EMP0366,DEP05,2021,4.5,4.8,4.5,4.6,Statu quo,EMP0035
EVA00883,EMP0366,DEP05,2022,2.6,3.9,4.2,3.57,Statu quo,EMP0044
EVA00884,EMP0366,DEP05,2023,3.5,3.7,4.9,4.03,Formation,EMP0029
EVA00885,EMP0367,DEP05,2022,4.5,4.0,3.9,4.13,Formation,EMP0031
EVA00886,EMP0367,DEP05,2023,4.5,2.8,4.8,4.03,Statu quo,EMP0027
EVA00887,EMP0368,DEP05,2021,3.4,2.5,3.2,3.03,Augmentation,EMP0020
EVA00888,EMP0368,DEP05,2022,2.8,4.9,4.3,4.0,Statu quo,EMP0006
EVA00889,EMP0368,DEP05,2023,3.9,4.0,4.8,4.23,Augmentation,EMP0038
EVA00890,EMP0369,DEP05,2021,4.7,4.8,3.9,4.47,Statu quo,EMP0035
EVA00891,EMP0369,DEP05,2022,3.8,3.1,3.5,3.47,Formation,EMP0031
EVA00892,EMP0369,DEP05,2023,2.6,2.8,4.7,3.37,Statu quo,EMP0013
EVA00893,EMP0370,DEP05,2021,4.7,3.9,4.9,4.5,Formation,EMP0039
EVA00894,EMP0370,DEP05,2022,3.7,3.1,4.2,3.67,Formation,EMP0023
EVA00895,EMP0370,DEP05,2023,4.9,2.9,3.2,3.67,Formation,EMP0036
EVA00896,EMP0371,DEP05,2021,5.0,3.9,3.7,4.2,Statu quo,EMP0011
EVA00897,EMP0371,DEP05,2022,3.6,3.0,3.8,3.47,Augmentation,EMP0045
EVA00898,EMP0371,DEP05,2023,4.5,3.2,4.2,3.97,Statu quo,EMP0032
EVA00899,EMP0372,DEP05,2021,3.4,3.7,3.7,3.6,Formation,EMP0024
EVA00900,EMP0372,DEP05,2022,3.2,3.7,4.5,3.8,Formation,EMP0022
EVA00901,EMP0372,DEP05,2023,4.9,3.0,3.9,3.93,Statu quo,EMP0014
EVA00902,EMP0373,DEP05,2021,4.9,3.3,3.8,4.0,Statu quo,EMP0027
EVA00903,EMP0373,DEP05,2022,4.0,4.5,4.6,4.37,Promotion,EMP0009
EVA00904,EMP0373,DEP05,2023,4.3,4.0,3.6,3.97,Attention,EMP0038
EVA00905,EMP0374,DEP05,2021,4.3,3.1,3.6,3.67,Statu quo,EMP0006
EVA00906,EMP0374,DEP05,2022,3.7,4.7,3.8,4.07,Formation,EMP0045
EVA00907,EMP0374,DEP05,2023,4.2,2.6,3.3,3.37,Statu quo,EMP0010
EVA00908,EMP0375,DEP05,2021,2.9,2.7,3.4,3.0,Augmentation,EMP0012
EVA00909,EMP0375,DEP05,2022,3.4,4.8,4.3,4.17,Statu quo,EMP0047
EVA00910,EMP0375,DEP05,2023,3.0,4.7,4.3,4.0,Statu quo,EMP0007
EVA00911,EMP0376,DEP06,2021,3.4,3.9,4.0,3.77,Augmentation,EMP0034
EVA00912,EMP0376,DEP06,2022,3.3,3.7,3.3,3.43,Statu quo,EMP0041
EVA00913,EMP0376,DEP06,2023,4.5,3.5,5.0,4.33,Augmentation,EMP0034
EVA00914,EMP0377,DEP06,2021,4.3,4.8,4.5,4.53,Formation,EMP0043
EVA00915,EMP0377,DEP06,2022,3.5,4.6,4.7,4.27,Statu quo,EMP0021
EVA00916,EMP0377,DEP06,2023,3.7,3.0,3.1,3.27,Statu quo,EMP0035
EVA00917,EMP0378,DEP06,2021,4.2,4.2,4.1,4.17,Formation,EMP0021
EVA00918,EMP0378,DEP06,2022,2.7,2.9,4.3,3.3,Statu quo,EMP0012
EVA00919,EMP0378,DEP06,2023,4.8,2.7,4.6,4.03,Statu quo,EMP0005
EVA00920,EMP0379,DEP06,2021,4.3,5.0,3.8,4.37,Statu quo,EMP0015
EVA00921,EMP0379,DEP06,2022,3.2,3.0,3.3,3.17,Promotion,EMP0002
EVA00922,EMP0379,DEP06,2023,2.9,4.2,4.7,3.93,Statu quo,EMP0036
EVA00923,EMP0380,DEP06,2023,3.2,2.8,3.9,3.3,Augmentation,EMP0004
EVA00924,EMP0381,DEP06,2021,3.9,4.1,3.4,3.8,Augmentation,EMP0019
EVA00925,EMP0381,DEP06,2022,4.7,4.9,4.3,4.63,Statu quo,EMP0009
EVA00926,EMP0381,DEP06,2023,2.8,4.7,3.4,3.63,Statu quo,EMP0033
EVA00927,EMP0383,DEP06,2021,3.1,4.3,4.5,3.97,Statu quo,EMP0036
EVA00928,EMP0383,DEP06,2022,4.0,4.0,4.4,4.13,Formation,EMP0022
EVA00929,EMP0383,DEP06,2023,3.8,4.2,3.3,3.77,Statu quo,EMP0008
EVA00930,EMP0384,DEP06,2022,4.3,3.5,4.7,4.17,Promotion,EMP0008
EVA00931,EMP0384,DEP06,2023,3.7,2.9,4.7,3.77,Augmentation,EMP0019
EVA00932,EMP0385,DEP06,2023,2.8,4.5,3.6,3.63,Statu quo,EMP0024
EVA00933,EMP0386,DEP06,2022,2.9,3.4,3.2,3.17,Statu quo,EMP0047
EVA00934,EMP0386,DEP06,2023,5.0,3.5,4.3,4.27,Augmentation,EMP0001
EVA00935,EMP0387,DEP06,2021,3.1,4.6,4.5,4.07,Statu quo,EMP0008
EVA00936,EMP0387,DEP06,2022,2.9,4.8,3.9,3.87,Statu quo,EMP0037
EVA00937,EMP0387,DEP06,2023,4.3,3.2,4.1,3.87,Attention,EMP0019
EVA00938,EMP0388,DEP06,2022,3.6,4.1,3.7,3.8,Formation,EMP0002
EVA00939,EMP0388,DEP06,2023,4.4,4.8,4.1,4.43,Attention,EMP0028
EVA00940,EMP0389,DEP06,2023,3.1,2.7,3.9,3.23,Statu quo,EMP0005
EVA00941,EMP0390,DEP06,2021,3.0,3.6,4.4,3.67,Statu quo,EMP0037
EVA00942,EMP0390,DEP06,2022,4.0,5.0,4.4,4.47,Attention,EMP0031
EVA00943,EMP0390,DEP06,2023,4.9,4.6,3.2,4.23,Formation,EMP0027
EVA00944,EMP0391,DEP06,2021,2.7,3.9,3.4,3.33,Statu quo,EMP0019
EVA00945,EMP0391,DEP06,2022,4.5,3.5,4.9,4.3,Statu quo,EMP0012
EVA00946,EMP0391,DEP06,2023,2.8,4.9,3.1,3.6,Statu quo,EMP0040
EVA00947,EMP0392,DEP06,2021,2.6,2.9,3.6,3.03,Statu quo,EMP0009
EVA00948,EMP0392,DEP06,2022,4.2,4.3,3.6,4.03,Attention,EMP0045
EVA00949,EMP0392,DEP06,2023,3.5,4.8,4.6,4.3,Formation,EMP0017
EVA00950,EMP0393,DEP06,2021,4.2,4.9,4.3,4.47,Statu quo,EMP0017
EVA00951,EMP0393,DEP06,2022,4.9,3.3,4.1,4.1,Statu quo,EMP0029
EVA00952,EMP0393,DEP06,2023,4.5,3.2,4.4,4.03,Formation,EMP0011
EVA00953,EMP0394,DEP06,2023,4.6,3.8,4.2,4.2,Augmentation,EMP0024
EVA00954,EMP0395,DEP06,2021,3.5,3.9,4.7,4.03,Formation,EMP0040
EVA00955,EMP0395,DEP06,2022,3.2,3.2,4.1,3.5,Augmentation,EMP0025
EVA00956,EMP0395,DEP06,2023,3.1,3.6,3.9,3.53,Formation,EMP0017
EVA00957,EMP0396,DEP07,2021,4.0,4.0,3.7,3.9,Attention,EMP0048
EVA00958,EMP0396,DEP07,2022,4.6,3.9,3.7,4.07,Statu quo,EMP0026
EVA00959,EMP0396,DEP07,2023,2.9,4.9,4.1,3.97,Augmentation,EMP0033
EVA00960,EMP0397,DEP07,2021,4.3,2.7,3.5,3.5,Attention,EMP0021
EVA00961,EMP0397,DEP07,2022,3.4,2.9,3.2,3.17,Statu quo,EMP0025
EVA00962,EMP0397,DEP07,2023,4.1,4.9,3.1,4.03,Augmentation,EMP0028
EVA00963,EMP0398,DEP07,2021,3.1,3.6,3.2,3.3,Formation,EMP0027
EVA00964,EMP0398,DEP07,2022,2.9,4.8,4.8,4.17,Formation,EMP0040
EVA00965,EMP0398,DEP07,2023,4.7,4.3,3.7,4.23,Statu quo,EMP0008
EVA00966,EMP0400,DEP07,2021,3.7,4.6,4.2,4.17,Formation,EMP0006
EVA00967,EMP0400,DEP07,2022,4.2,4.9,3.1,4.07,Formation,EMP0003
EVA00968,EMP0400,DEP07,2023,4.9,3.9,3.3,4.03,Statu quo,EMP0008
EVA00969,EMP0401,DEP07,2023,3.8,2.6,4.7,3.7,Statu quo,EMP0030
EVA00970,EMP0403,DEP07,2021,4.9,2.9,3.0,3.6,Formation,EMP0001
EVA00971,EMP0403,DEP07,2022,2.9,3.9,3.6,3.47,Augmentation,EMP0015
EVA00972,EMP0403,DEP07,2023,3.3,3.5,3.6,3.47,Statu quo,EMP0049
EVA00973,EMP0404,DEP07,2021,3.0,2.8,4.8,3.53,Augmentation,EMP0007
EVA00974,EMP0404,DEP07,2022,3.9,4.6,3.1,3.87,Attention,EMP0043
EVA00975,EMP0404,DEP07,2023,3.2,2.6,4.5,3.43,Augmentation,EMP0013
EVA00976,EMP0405,DEP07,2021,4.0,2.7,3.4,3.37,Formation,EMP0018
EVA00977,EMP0405,DEP07,2022,3.6,3.9,4.5,4.0,Formation,EMP0047
EVA00978,EMP0405,DEP07,2023,3.2,3.3,3.1,3.2,Statu quo,EMP0020
EVA00979,EMP0406,DEP07,2022,2.9,4.3,3.1,3.43,Promotion,EMP0017
EVA00980,EMP0406,DEP07,2023,3.6,4.2,4.4,4.07,Attention,EMP0014
EVA00981,EMP0407,DEP07,2021,3.4,2.6,4.7,3.57,Statu quo,EMP0023
EVA00982,EMP0407,DEP07,2022,2.7,3.7,3.7,3.37,Statu quo,EMP0004
EVA00983,EMP0407,DEP07,2023,3.0,4.9,4.0,3.97,Statu quo,EMP0047
EVA00984,EMP0408,DEP07,2021,4.0,4.7,3.0,3.9,Formation,EMP0007
EVA00985,EMP0408,DEP07,2022,3.1,3.7,4.6,3.8,Statu quo,EMP0018
EVA00986,EMP0408,DEP07,2023,3.0,4.6,4.2,3.93,Promotion,EMP0037
EVA00987,EMP0410,DEP07,2021,4.7,2.6,3.1,3.47,Statu quo,EMP0037
EVA00988,EMP0410,DEP07,2022,2.7,2.5,4.8,3.33,Promotion,EMP0001
EVA00989,EMP0410,DEP07,2023,3.4,3.0,3.7,3.37,Augmentation,EMP0016
EVA00990,EMP0411,DEP07,2021,4.4,4.7,4.4,4.5,Formation,EMP0044
EVA00991,EMP0411,DEP07,2022,3.0,3.8,3.7,3.5,Statu quo,EMP0043
EVA00992,EMP0411,DEP07,2023,4.3,3.2,3.9,3.8,Attention,EMP0002
EVA00993,EMP0412,DEP07,2021,3.0,2.8,3.4,3.07,Formation,EMP0012
EVA00994,EMP0412,DEP07,2022,5.0,4.7,4.4,4.7,Statu quo,EMP0027
EVA00995,EMP0412,DEP07,2023,3.2,4.8,4.1,4.03,Augmentation,EMP0034
EVA00996,EMP0414,DEP07,2021,3.8,2.9,4.5,3.73,Augmentation,EMP0047
EVA00997,EMP0414,DEP07,2022,3.0,3.2,4.2,3.47,Augmentation,EMP0002
EVA00998,EMP0414,DEP07,2023,3.5,3.1,4.0,3.53,Formation,EMP0002
EVA00999,EMP0415,DEP07,2021,2.7,3.1,3.6,3.13,Formation,EMP0038
EVA01000,EMP0415,DEP07,2022,3.0,2.9,3.0,2.97,Statu quo,EMP0041
EVA01001,EMP0415,DEP07,2023,3.3,4.2,4.4,3.97,Promotion,EMP0027
EVA01002,EMP0416,DEP07,2021,4.9,3.2,4.1,4.07,Formation,EMP0021
EVA01003,EMP0416,DEP07,2022,3.2,4.4,3.0,3.53,Augmentation,EMP0005
EVA01004,EMP0416,DEP07,2023,4.8,2.5,4.2,3.83,Promotion,EMP0030
EVA01005,EMP0417,DEP07,2021,4.1,3.5,3.9,3.83,Attention,EMP0040
EVA01006,EMP0417,DEP07,2022,3.0,5.0,3.5,3.83,Statu quo,EMP0034
EVA01007,EMP0417,DEP07,2023,4.2,4.6,3.8,4.2,Statu quo,EMP0027
EVA01008,EMP0419,DEP07,2021,3.6,4.8,3.5,3.97,Augmentation,EMP0031
EVA01009,EMP0419,DEP07,2022,4.1,3.0,4.7,3.93,Formation,EMP0014
EVA01010,EMP0419,DEP07,2023,4.2,4.7,4.4,4.43,Promotion,EMP0021
EVA01011,EMP0421,DEP07,2021,3.3,4.4,4.8,4.17,Statu quo,EMP0027
EVA01012,EMP0421,DEP07,2022,3.4,3.7,3.9,3.67,Promotion,EMP0030
EVA01013,EMP0421,DEP07,2023,2.6,4.0,4.0,3.53,Augmentation,EMP0042
EVA01014,EMP0422,DEP07,2021,3.0,4.3,4.6,3.97,Statu quo,EMP0044
EVA01015,EMP0422,DEP07,2022,4.6,4.5,3.9,4.33,Statu quo,EMP0001
EVA01016,EMP0422,DEP07,2023,3.6,4.2,3.3,3.7,Statu quo,EMP0043
EVA01017,EMP0423,DEP07,2021,2.9,4.2,3.8,3.63,Augmentation,EMP0017
EVA01018,EMP0423,DEP07,2022,4.3,4.8,3.0,4.03,Augmentation,EMP0018
EVA01019,EMP0423,DEP07,2023,4.3,3.9,3.6,3.93,Statu quo,EMP0002
EVA01020,EMP0425,DEP07,2021,3.1,3.7,3.0,3.27,Attention,EMP0043
EVA01021,EMP0425,DEP07,2022,4.5,3.8,5.0,4.43,Augmentation,EMP0005
EVA01022,EMP0425,DEP07,2023,4.4,4.6,4.4,4.47,Augmentation,EMP0037
EVA01023,EMP0426,DEP08,2021,2.7,3.0,4.7,3.47,Formation,EMP0001
EVA01024,EMP0426,DEP08,2022,2.6,3.7,3.8,3.37,Formation,EMP0027
EVA01025,EMP0426,DEP08,2023,3.4,2.7,3.1,3.07,Attention,EMP0027
EVA01026,EMP0427,DEP08,2021,4.1,4.8,4.1,4.33,Statu quo,EMP0030
EVA01027,EMP0427,DEP08,2022,3.8,2.9,3.6,3.43,Statu quo,EMP0020
EVA01028,EMP0427,DEP08,2023,3.0,4.6,3.2,3.6,Statu quo,EMP0022
EVA01029,EMP0428,DEP08,2022,4.3,3.3,3.3,3.63,Formation,EMP0018
EVA01030,EMP0428,DEP08,2023,4.7,4.5,3.2,4.13,Augmentation,EMP0037
EVA01031,EMP0429,DEP08,2023,4.0,4.3,3.0,3.77,Augmentation,EMP0001
EVA01032,EMP0431,DEP08,2022,3.4,4.2,4.9,4.17,Promotion,EMP0005
EVA01033,EMP0431,DEP08,2023,3.8,3.4,3.8,3.67,Promotion,EMP0006
EVA01034,EMP0432,DEP08,2021,3.1,4.3,4.3,3.9,Statu quo,EMP0015
EVA01035,EMP0432,DEP08,2022,3.8,3.4,3.5,3.57,Promotion,EMP0011
EVA01036,EMP0432,DEP08,2023,3.0,4.9,4.9,4.27,Statu quo,EMP0008
EVA01037,EMP0433,DEP08,2023,4.0,4.2,4.2,4.13,Statu quo,EMP0018
EVA01038,EMP0434,DEP08,2021,4.9,4.4,3.5,4.27,Formation,EMP0011
EVA01039,EMP0434,DEP08,2022,4.5,4.8,3.8,4.37,Formation,EMP0028
EVA01040,EMP0434,DEP08,2023,3.4,3.1,3.1,3.2,Formation,EMP0016
EVA01041,EMP0435,DEP08,2022,3.7,4.4,4.0,4.03,Formation,EMP0033
EVA01042,EMP0435,DEP08,2023,4.5,3.7,4.1,4.1,Augmentation,EMP0023
EVA01043,EMP0436,DEP08,2021,2.5,4.8,3.5,3.6,Formation,EMP0033
EVA01044,EMP0436,DEP08,2022,3.8,4.3,4.4,4.17,Statu quo,EMP0006
EVA01045,EMP0436,DEP08,2023,3.2,3.3,4.9,3.8,Formation,EMP0014
EVA01046,EMP0437,DEP08,2021,4.0,3.0,4.9,3.97,Formation,EMP0041
EVA01047,EMP0437,DEP08,2022,4.1,3.1,4.2,3.8,Formation,EMP0034
EVA01048,EMP0437,DEP08,2023,5.0,2.9,3.9,3.93,Promotion,EMP0013
EVA01049,EMP0438,DEP08,2022,4.2,3.7,4.1,4.0,Statu quo,EMP0045
EVA01050,EMP0438,DEP08,2023,4.9,4.7,3.6,4.4,Statu quo,EMP0038
EVA01051,EMP0439,DEP08,2021,2.7,2.8,3.9,3.13,Formation,EMP0047
EVA01052,EMP0439,DEP08,2022,3.7,4.1,4.9,4.23,Augmentation,EMP0025
EVA01053,EMP0439,DEP08,2023,3.4,2.7,3.4,3.17,Attention,EMP0020
EVA01054,EMP0440,DEP08,2022,3.0,3.6,3.6,3.4,Formation,EMP0002
EVA01055,EMP0440,DEP08,2023,5.0,4.3,3.8,4.37,Statu quo,EMP0043
EVA01056,EMP0441,DEP08,2021,3.1,4.3,4.2,3.87,Statu quo,EMP0043
EVA01057,EMP0441,DEP08,2022,2.7,4.3,4.6,3.87,Statu quo,EMP0034
EVA01058,EMP0441,DEP08,2023,2.9,4.3,4.3,3.83,Attention,EMP0010
EVA01059,EMP0442,DEP08,2021,3.6,3.1,4.5,3.73,Statu quo,EMP0035
EVA01060,EMP0442,DEP08,2022,4.4,3.3,3.4,3.7,Augmentation,EMP0026
EVA01061,EMP0442,DEP08,2023,3.2,4.1,3.5,3.6,Statu quo,EMP0018
EVA01062,EMP0443,DEP08,2023,4.2,3.8,3.4,3.8,Statu quo,EMP0013
EVA01063,EMP0444,DEP08,2023,4.9,4.9,3.6,4.47,Formation,EMP0025
EVA01064,EMP0445,DEP08,2021,3.7,3.3,4.9,3.97,Statu quo,EMP0008
EVA01065,EMP0445,DEP08,2022,3.0,5.0,4.4,4.13,Augmentation,EMP0009
EVA01066,EMP0445,DEP08,2023,3.9,3.5,3.4,3.6,Augmentation,EMP0040
EVA01067,EMP0446,DEP08,2021,2.9,4.5,3.5,3.63,Formation,EMP0020
EVA01068,EMP0446,DEP08,2022,5.0,4.5,4.6,4.7,Attention,EMP0048
EVA01069,EMP0446,DEP08,2023,4.5,3.6,3.1,3.73,Augmentation,EMP0017
EVA01070,EMP0448,DEP08,2021,3.2,3.3,3.1,3.2,Statu quo,EMP0022
EVA01071,EMP0448,DEP08,2022,3.4,3.1,4.2,3.57,Augmentation,EMP0048
EVA01072,EMP0448,DEP08,2023,3.1,4.2,4.7,4.0,Promotion,EMP0024
EVA01073,EMP0449,DEP08,2021,4.5,4.6,4.9,4.67,Statu quo,EMP0018
EVA01074,EMP0449,DEP08,2022,2.7,2.7,3.4,2.93,Formation,EMP0028
EVA01075,EMP0449,DEP08,2023,4.9,2.9,4.1,3.97,Attention,EMP0042
EVA01076,EMP0450,DEP08,2023,2.6,3.2,3.5,3.1,Formation,EMP0001
EVA01077,EMP0451,DEP08,2021,3.6,4.0,3.3,3.63,Statu quo,EMP0018
EVA01078,EMP0451,DEP08,2022,3.6,2.6,4.6,3.6,Statu quo,EMP0011
EVA01079,EMP0451,DEP08,2023,3.0,4.0,3.9,3.63,Statu quo,EMP0003
EVA01080,EMP0452,DEP08,2021,2.8,3.7,3.5,3.33,Statu quo,EMP0049
EVA01081,EMP0452,DEP08,2022,2.6,3.9,4.7,3.73,Formation,EMP0031
EVA01082,EMP0452,DEP08,2023,2.9,4.8,4.6,4.1,Formation,EMP0042
EVA01083,EMP0453,DEP08,2022,2.8,3.8,4.3,3.63,Augmentation,EMP0017
EVA01084,EMP0453,DEP08,2023,4.4,4.9,3.6,4.3,Formation,EMP0046
EVA01085,EMP0454,DEP08,2021,3.1,3.2,3.3,3.2,Augmentation,EMP0012
EVA01086,EMP0454,DEP08,2022,2.9,2.8,4.1,3.27,Statu quo,EMP0033
EVA01087,EMP0454,DEP08,2023,4.4,4.0,3.4,3.93,Statu quo,EMP0022
EVA01088,EMP0455,DEP08,2023,3.1,2.9,4.9,3.63,Promotion,EMP0031
EVA01089,EMP0456,DEP08,2021,3.2,3.1,4.8,3.7,Formation,EMP0042
EVA01090,EMP0456,DEP08,2022,4.6,4.4,3.4,4.13,Formation,EMP0047
EVA01091,EMP0456,DEP08,2023,4.6,5.0,4.8,4.8,Attention,EMP0015
EVA01092,EMP0457,DEP08,2021,3.7,3.8,3.9,3.8,Augmentation,EMP0032
EVA01093,EMP0457,DEP08,2022,3.3,2.7,3.2,3.07,Formation,EMP0045
EVA01094,EMP0457,DEP08,2023,4.0,3.9,4.5,4.13,Formation,EMP0033
EVA01095,EMP0458,DEP08,2021,3.6,3.8,3.1,3.5,Statu quo,EMP0012
EVA01096,EMP0458,DEP08,2022,3.2,4.6,3.5,3.77,Formation,EMP0037
EVA01097,EMP0458,DEP08,2023,4.7,4.3,4.2,4.4,Statu quo,EMP0030
EVA01098,EMP0460,DEP08,2021,4.2,4.0,3.2,3.8,Augmentation,EMP0006
EVA01099,EMP0460,DEP08,2022,4.9,2.9,4.8,4.2,Augmentation,EMP0017
EVA01100,EMP0460,DEP08,2023,3.9,4.1,4.0,4.0,Formation,EMP0020
EVA01101,EMP0461,DEP08,2022,3.7,4.3,3.8,3.93,Formation,EMP0003
EVA01102,EMP0461,DEP08,2023,3.3,3.2,3.4,3.3,Statu quo,EMP0019
EVA01103,EMP0462,DEP08,2021,5.0,2.6,3.4,3.67,Attention,EMP0021
EVA01104,EMP0462,DEP08,2022,3.5,4.2,3.7,3.8,Formation,EMP0017
EVA01105,EMP0462,DEP08,2023,4.8,3.9,4.3,4.33,Augmentation,EMP0041
EVA01106,EMP0463,DEP08,2022,4.7,4.8,4.6,4.7,Augmentation,EMP0013
EVA01107,EMP0463,DEP08,2023,4.5,2.5,4.2,3.73,Statu quo,EMP0034
EVA01108,EMP0464,DEP08,2021,3.7,4.4,4.8,4.3,Augmentation,EMP0021
EVA01109,EMP0464,DEP08,2022,2.8,4.1,3.5,3.47,Augmentation,EMP0041
EVA01110,EMP0464,DEP08,2023,3.0,3.7,4.9,3.87,Statu quo,EMP0010
EVA01111,EMP0465,DEP08,2021,3.9,2.7,4.3,3.63,Formation,EMP0014
EVA01112,EMP0465,DEP08,2022,3.7,4.2,3.4,3.77,Statu quo,EMP0039
EVA01113,EMP0465,DEP08,2023,4.4,3.4,4.9,4.23,Augmentation,EMP0028
EVA01114,EMP0466,DEP08,2021,4.4,4.0,3.2,3.87,Augmentation,EMP0001
EVA01115,EMP0466,DEP08,2022,2.8,2.9,3.9,3.2,Promotion,EMP0027
EVA01116,EMP0466,DEP08,2023,4.0,4.3,4.9,4.4,Promotion,EMP0026
EVA01117,EMP0467,DEP08,2021,2.6,2.8,3.7,3.03,Formation,EMP0022
EVA01118,EMP0467,DEP08,2022,4.2,4.9,3.5,4.2,Promotion,EMP0001
EVA01119,EMP0467,DEP08,2023,4.4,4.4,3.1,3.97,Statu quo,EMP0008
EVA01120,EMP0469,DEP08,2021,4.1,4.3,3.4,3.93,Augmentation,EMP0012
EVA01121,EMP0469,DEP08,2022,4.0,4.0,4.8,4.27,Formation,EMP0035
EVA01122,EMP0469,DEP08,2023,4.3,4.2,3.4,3.97,Augmentation,EMP0040
EVA01123,EMP0470,DEP08,2021,3.9,2.7,3.1,3.23,Promotion,EMP0030
EVA01124,EMP0470,DEP08,2022,4.2,4.6,4.9,4.57,Statu quo,EMP0046
EVA01125,EMP0470,DEP08,2023,3.8,3.7,4.5,4.0,Statu quo,EMP0023
EVA01126,EMP0471,DEP09,2021,3.7,4.4,4.0,4.03,Formation,EMP0041
EVA01127,EMP0471,DEP09,2022,3.2,2.6,3.4,3.07,Statu quo,EMP0044
EVA01128,EMP0471,DEP09,2023,4.8,2.7,3.1,3.53,Formation,EMP0009
EVA01129,EMP0472,DEP09,2023,3.1,2.8,3.1,3.0,Formation,EMP0026
EVA01130,EMP0473,DEP09,2021,3.9,2.9,3.0,3.27,Promotion,EMP0013
EVA01131,EMP0473,DEP09,2022,2.8,4.5,3.9,3.73,Statu quo,EMP0021
EVA01132,EMP0473,DEP09,2023,3.0,4.7,4.5,4.07,Statu quo,EMP0043
EVA01133,EMP0474,DEP09,2021,4.7,2.8,4.1,3.87,Formation,EMP0036
EVA01134,EMP0474,DEP09,2022,3.1,2.8,4.9,3.6,Formation,EMP0033
EVA01135,EMP0474,DEP09,2023,3.1,2.8,4.2,3.37,Augmentation,EMP0027
EVA01136,EMP0475,DEP09,2021,4.9,2.6,3.4,3.63,Statu quo,EMP0009
EVA01137,EMP0475,DEP09,2022,3.0,3.0,4.1,3.37,Statu quo,EMP0025
EVA01138,EMP0475,DEP09,2023,4.5,4.5,4.2,4.4,Statu quo,EMP0022
EVA01139,EMP0476,DEP09,2021,4.5,2.5,4.0,3.67,Augmentation,EMP0002
EVA01140,EMP0476,DEP09,2022,4.9,2.5,3.6,3.67,Augmentation,EMP0011
EVA01141,EMP0476,DEP09,2023,3.9,4.6,3.8,4.1,Statu quo,EMP0017
EVA01142,EMP0477,DEP09,2021,4.8,4.6,3.4,4.27,Statu quo,EMP0022
EVA01143,EMP0477,DEP09,2022,3.0,3.7,3.4,3.37,Formation,EMP0011
EVA01144,EMP0477,DEP09,2023,4.4,3.9,4.9,4.4,Formation,EMP0049
EVA01145,EMP0478,DEP09,2021,2.9,4.6,3.0,3.5,Statu quo,EMP0038
EVA01146,EMP0478,DEP09,2022,3.2,3.4,3.6,3.4,Augmentation,EMP0002
EVA01147,EMP0478,DEP09,2023,2.8,2.5,4.5,3.27,Formation,EMP0009
EVA01148,EMP0479,DEP09,2021,2.7,3.2,3.7,3.2,Formation,EMP0008
EVA01149,EMP0479,DEP09,2022,2.8,4.9,3.5,3.73,Formation,EMP0037
EVA01150,EMP0479,DEP09,2023,3.3,2.7,3.8,3.27,Statu quo,EMP0035
EVA01151,EMP0481,DEP09,2021,4.6,3.4,4.8,4.27,Formation,EMP0013
EVA01152,EMP0481,DEP09,2022,2.6,4.7,3.4,3.57,Formation,EMP0036
EVA01153,EMP0481,DEP09,2023,3.8,4.9,3.7,4.13,Augmentation,EMP0010
EVA01154,EMP0482,DEP09,2022,4.5,4.2,3.8,4.17,Formation,EMP0048
EVA01155,EMP0482,DEP09,2023,4.9,2.7,4.5,4.03,Statu quo,EMP0026
EVA01156,EMP0483,DEP09,2022,3.9,3.2,4.6,3.9,Attention,EMP0048
EVA01157,EMP0483,DEP09,2023,4.8,3.2,3.7,3.9,Statu quo,EMP0022
EVA01158,EMP0484,DEP09,2023,2.5,2.9,3.2,2.87,Augmentation,EMP0030
EVA01159,EMP0485,DEP09,2021,3.3,4.9,4.4,4.2,Promotion,EMP0025
EVA01160,EMP0485,DEP09,2022,3.6,4.4,4.8,4.27,Promotion,EMP0030
EVA01161,EMP0485,DEP09,2023,4.9,2.6,4.5,4.0,Attention,EMP0037
EVA01162,EMP0486,DEP10,2021,2.9,3.0,3.1,3.0,Augmentation,EMP0037
EVA01163,EMP0486,DEP10,2022,2.7,2.6,4.1,3.13,Promotion,EMP0043
EVA01164,EMP0486,DEP10,2023,4.3,2.5,4.3,3.7,Statu quo,EMP0021
EVA01165,EMP0487,DEP10,2021,3.8,3.7,4.5,4.0,Formation,EMP0039
EVA01166,EMP0487,DEP10,2022,4.5,4.6,3.7,4.27,Formation,EMP0025
EVA01167,EMP0487,DEP10,2023,4.5,3.9,4.4,4.27,Promotion,EMP0023
EVA01168,EMP0488,DEP10,2021,3.8,4.5,3.6,3.97,Attention,EMP0005
EVA01169,EMP0488,DEP10,2022,4.4,4.5,4.7,4.53,Augmentation,EMP0035
EVA01170,EMP0488,DEP10,2023,2.8,3.5,3.1,3.13,Statu quo,EMP0017
EVA01171,EMP0489,DEP10,2021,4.5,3.0,4.0,3.83,Statu quo,EMP0033
EVA01172,EMP0489,DEP10,2022,4.9,3.0,3.5,3.8,Statu quo,EMP0037
EVA01173,EMP0489,DEP10,2023,2.7,4.5,3.3,3.5,Formation,EMP0006
EVA01174,EMP0491,DEP10,2021,4.4,2.8,4.6,3.93,Statu quo,EMP0030
EVA01175,EMP0491,DEP10,2022,4.5,4.8,4.7,4.67,Statu quo,EMP0038
EVA01176,EMP0491,DEP10,2023,4.5,4.9,4.3,4.57,Augmentation,EMP0029
EVA01177,EMP0492,DEP10,2021,3.1,4.5,5.0,4.2,Augmentation,EMP0015
EVA01178,EMP0492,DEP10,2022,3.2,3.5,4.8,3.83,Attention,EMP0048
EVA01179,EMP0492,DEP10,2023,3.9,4.9,4.7,4.5,Statu quo,EMP0026
EVA01180,EMP0493,DEP10,2022,3.5,2.6,3.3,3.13,Promotion,EMP0043
EVA01181,EMP0493,DEP10,2023,3.1,2.6,3.6,3.1,Statu quo,EMP0016
EVA01182,EMP0494,DEP10,2021,3.3,3.1,3.2,3.2,Statu quo,EMP0007
EVA01183,EMP0494,DEP10,2022,4.7,4.3,4.4,4.47,Attention,EMP0016
EVA01184,EMP0494,DEP10,2023,2.6,3.0,4.3,3.3,Statu quo,EMP0036
EVA01185,EMP0495,DEP10,2021,4.6,2.9,5.0,4.17,Formation,EMP0047
EVA01186,EMP0495,DEP10,2022,3.8,3.0,3.7,3.5,Augmentation,EMP0046
EVA01187,EMP0495,DEP10,2023,3.2,4.7,3.8,3.9,Augmentation,EMP0032
EVA01188,EMP0496,DEP10,2021,4.0,3.0,3.1,3.37,Statu quo,EMP0018
EVA01189,EMP0496,DEP10,2022,3.1,4.8,3.1,3.67,Statu quo,EMP0049
EVA01190,EMP0496,DEP10,2023,2.9,4.2,3.8,3.63,Formation,EMP0033
EVA01191,EMP0497,DEP10,2021,4.7,4.9,3.3,4.3,Statu quo,EMP0009
EVA01192,EMP0497,DEP10,2022,2.6,2.9,4.3,3.27,Statu quo,EMP0008
EVA01193,EMP0497,DEP10,2023,3.8,4.9,4.5,4.4,Augmentation,EMP0034
EVA01194,EMP0498,DEP10,2021,4.0,3.3,3.0,3.43,Promotion,EMP0011
EVA01195,EMP0498,DEP10,2022,3.5,3.8,4.3,3.87,Statu quo,EMP0038
EVA01196,EMP0498,DEP10,2023,4.6,3.4,4.1,4.03,Augmentation,EMP0048
EVA01197,EMP0501,DEP10,2021,4.9,3.8,3.5,4.07,Statu quo,EMP0024
EVA01198,EMP0501,DEP10,2022,5.0,2.7,3.7,3.8,Attention,EMP0024
EVA01199,EMP0501,DEP10,2023,3.7,3.3,4.2,3.73,Statu quo,EMP0013
EVA01200,EMP0503,DEP10,2021,3.1,3.3,3.5,3.3,Formation,EMP0005
EVA01201,EMP0503,DEP10,2022,3.3,4.3,4.2,3.93,Formation,EMP0040
EVA01202,EMP0503,DEP10,2023,3.6,3.0,4.9,3.83,Augmentation,EMP0010
EVA01203,EMP0504,DEP10,2021,4.6,4.0,4.6,4.4,Statu quo,EMP0004
EVA01204,EMP0504,DEP10,2022,4.0,3.2,4.3,3.83,Promotion,EMP0040
EVA01205,EMP0504,DEP10,2023,3.4,4.6,4.2,4.07,Augmentation,EMP0046
EVA01206,EMP0505,DEP10,2021,2.5,4.7,4.5,3.9,Augmentation,EMP0044
EVA01207,EMP0505,DEP10,2022,2.7,4.9,3.1,3.57,Attention,EMP0039
EVA01208,EMP0505,DEP10,2023,3.4,4.1,4.0,3.83,Formation,EMP0021
EVA01209,EMP0506,DEP10,2021,4.1,3.4,3.1,3.53,Statu quo,EMP0007
EVA01210,EMP0506,DEP10,2022,4.2,3.9,4.2,4.1,Augmentation,EMP0026
EVA01211,EMP0506,DEP10,2023,4.8,3.6,4.8,4.4,Statu quo,EMP0029
EVA01212,EMP0507,DEP10,2021,3.7,2.6,3.6,3.3,Statu quo,EMP0036
EVA01213,EMP0507,DEP10,2022,3.3,2.7,4.0,3.33,Augmentation,EMP0042
EVA01214,EMP0507,DEP10,2023,3.8,2.8,3.2,3.27,Augmentation,EMP0016
EVA01215,EMP0508,DEP10,2021,4.0,4.8,3.5,4.1,Statu quo,EMP0002
EVA01216,EMP0508,DEP10,2022,4.1,2.8,4.7,3.87,Statu quo,EMP0010
EVA01217,EMP0508,DEP10,2023,4.2,2.5,4.7,3.8,Augmentation,EMP0023
EVA01218,EMP0509,DEP10,2023,4.4,4.1,4.6,4.37,Statu quo,EMP0027
EVA01219,EMP0510,DEP10,2021,4.4,3.2,3.8,3.8,Formation,EMP0032
EVA01220,EMP0510,DEP10,2022,4.2,3.9,4.4,4.17,Augmentation,EMP0029
EVA01221,EMP0510,DEP10,2023,3.5,4.8,3.4,3.9,Augmentation,EMP0005
